row,site,sample_date,lat,lon,variable,source,value,t_sample,anchors,n_files,n_values,scale_offset,files,note
0,Haut_de_Cry,2022-07-15,46.240257,7.195001,bio01,interp_ssp370,-2.713333333333292,2022.5,1996.00:-3.95 -> 2026.00:-2.55,6,6,0.1/-273.15;0.1/-273.15;0.1/-273.15;0.1/-273.15;0.1/-273.15;0.1/-273.15,CHELSA_bio01_1981-2010_V.2.1.tif;CHELSA_gfdl-esm4_ssp370_bio01_2011-2040_V.2.1.tif;CHELSA_ipsl-cm6a-lr_ssp370_bio01_2011-2040_V.2.1.tif;CHELSA_mpi-esm1-2-hr_ssp370_bio01_2011-2040_V.2.1.tif;CHELSA_mri-esm2-0_ssp370_bio01_2011-2040_V.2.1.tif;CHELSA_ukesm1-0-ll_ssp370_bio01_2011-2040_V.2.1.tif,past anchor: 1981-2010 climatology
0,Haut_de_Cry,2022-07-15,46.240257,7.195001,bio02,interp_ssp370,10.676666666666668,2022.5,1996.00:10.5 -> 2026.00:10.7,6,6,0.1/0.0;0.1/0.0;0.1/0.0;0.1/0.0;0.1/0.0;0.1/0.0,CHELSA_bio02_1981-2010_V.2.1.tif;CHELSA_gfdl-esm4_ssp370_bio02_2011-2040_V.2.1.tif;CHELSA_ipsl-cm6a-lr_ssp370_bio02_2011-2040_V.2.1.tif;CHELSA_mpi-esm1-2-hr_ssp370_bio02_2011-2040_V.2.1.tif;CHELSA_mri-esm2-0_ssp370_bio02_2011-2040_V.2.1.tif;CHELSA_ukesm1-0-ll_ssp370_bio02_2011-2040_V.2.1.tif,past anchor: 1981-2010 climatology
0,Haut_de_Cry,2022-07-15,46.240257,7.195001,bio03,interp_ssp370,0.33930000000000005,2022.5,1996.00:0.334 -> 2026.00:0.34,6,6,0.001/0.0;0.001/0.0;0.001/0.0;0.001/0.0;0.001/0.0;0.001/0.0,CHELSA_bio03_1981-2010_V.2.1.tif;CHELSA_gfdl-esm4_ssp370_bio03_2011-2040_V.2.1.tif;CHELSA_ipsl-cm6a-lr_ssp370_bio03_2011-2040_V.2.1.tif;CHELSA_mpi-esm1-2-hr_ssp370_bio03_2011-2040_V.2.1.tif;CHELSA_mri-esm2-0_ssp370_bio03_2011-2040_V.2.1.tif;CHELSA_ukesm1-0-ll_ssp370_bio03_2011-2040_V.2.1.tif,past anchor: 1981-2010 climatology
0,Haut_de_Cry,2022-07-15,46.240257,7.195001,bio04,interp_ssp370,781.3716666666667,2022.5,1996.00:775.1 -> 2026.00:782.2,6,6,0.1/0.0;0.1/0.0;0.1/0.0;0.1/0.0;0.1/0.0;0.1/0.0,CHELSA_bio04_1981-2010_V.2.1.tif;CHELSA_gfdl-esm4_ssp370_bio04_2011-2040_V.2.1.tif;CHELSA_ipsl-cm6a-lr_ssp370_bio04_2011-2040_V.2.1.tif;CHELSA_mpi-esm1-2-hr_ssp370_bio04_2011-2040_V.2.1.tif;CHELSA_mri-esm2-0_ssp370_bio04_2011-2040_V.2.1.tif;CHELSA_ukesm1-0-ll_ssp370_bio04_2011-2040_V.2.1.tif,past anchor: 1981-2010 climatology
0,Haut_de_Cry,2022-07-15,46.240257,7.195001,bio05,interp_ssp370,12.716666666666711,2022.5,1996.00:10.95 -> 2026.00:12.95,6,6,0.1/-273.15;0.1/-273.15;0.1/-273.15;0.1/-273.15;0.1/-273.15;0.1/-273.15,CHELSA_bio05_1981-2010_V.2.1.tif;CHELSA_gfdl-esm4_ssp370_bio05_2011-2040_V.2.1.tif;CHELSA_ipsl-cm6a-lr_ssp370_bio05_2011-2040_V.2.1.tif;CHELSA_mpi-esm1-2-hr_ssp370_bio05_2011-2040_V.2.1.tif;CHELSA_mri-esm2-0_ssp370_bio05_2011-2040_V.2.1.tif;CHELSA_ukesm1-0-ll_ssp370_bio05_2011-2040_V.2.1.tif,past anchor: 1981-2010 climatology
0,Haut_de_Cry,2022-07-15,46.240257,7.195001,bio06,interp_ssp370,-19.113333333333294,2022.5,1996.00:-20.35 -> 2026.00:-18.95,6,6,0.1/-273.15;0.1/-273.15;0.1/-273.15;0.1/-273.15;0.1/-273.15;0.1/-273.15,CHELSA_bio06_1981-2010_V.2.1.tif;CHELSA_gfdl-esm4_ssp370_bio06_2011-2040_V.2.1.tif;CHELSA_ipsl-cm6a-lr_ssp370_bio06_2011-2040_V.2.1.tif;CHELSA_mpi-esm1-2-hr_ssp370_bio06_2011-2040_V.2.1.tif;CHELSA_mri-esm2-0_ssp370_bio06_2011-2040_V.2.1.tif;CHELSA_ukesm1-0-ll_ssp370_bio06_2011-2040_V.2.1.tif,past anchor: 1981-2010 climatology
0,Haut_de_Cry,2022-07-15,46.240257,7.195001,bio07,interp_ssp370,31.565,2022.5,1996.00:31.3 -> 2026.00:31.6,6,6,0.1/0.0;0.1/0.0;0.1/0.0;0.1/0.0;0.1/0.0;0.1/0.0,CHELSA_bio07_1981-2010_V.2.1.tif;CHELSA_gfdl-esm4_ssp370_bio07_2011-2040_V.2.1.tif;CHELSA_ipsl-cm6a-lr_ssp370_bio07_2011-2040_V.2.1.tif;CHELSA_mpi-esm1-2-hr_ssp370_bio07_2011-2040_V.2.1.tif;CHELSA_mri-esm2-0_ssp370_bio07_2011-2040_V.2.1.tif;CHELSA_ukesm1-0-ll_ssp370_bio07_2011-2040_V.2.1.tif,past anchor: 1981-2010 climatology
0,Haut_de_Cry,2022-07-15,46.240257,7.195001,bio08,interp_ssp370,7.075000000000057,2022.5,1996.00:5.75 -> 2026.00:7.25,6,6,0.1/-273.15;0.1/-273.15;0.1/-273.15;0.1/-273.15;0.1/-273.15;0.1/-273.15,CHELSA_bio08_1981-2010_V.2.1.tif;CHELSA_gfdl-esm4_ssp370_bio08_2011-2040_V.2.1.tif;CHELSA_ipsl-cm6a-lr_ssp370_bio08_2011-2040_V.2.1.tif;CHELSA_mpi-esm1-2-hr_ssp370_bio08_2011-2040_V.2.1.tif;CHELSA_mri-esm2-0_ssp370_bio08_2011-2040_V.2.1.tif;CHELSA_ukesm1-0-ll_ssp370_bio08_2011-2040_V.2.1.tif,past anchor: 1981-2010 climatology
0,Haut_de_Cry,2022-07-15,46.240257,7.195001,bio09,interp_ssp370,-7.4783333333333015,2022.5,1996.00:-8.45 -> 2026.00:-7.35,6,6,0.1/-273.15;0.1/-273.15;0.1/-273.15;0.1/-273.15;0.1/-273.15;0.1/-273.15,CHELSA_bio09_1981-2010_V.2.1.tif;CHELSA_gfdl-esm4_ssp370_bio09_2011-2040_V.2.1.tif;CHELSA_ipsl-cm6a-lr_ssp370_bio09_2011-2040_V.2.1.tif;CHELSA_mpi-esm1-2-hr_ssp370_bio09_2011-2040_V.2.1.tif;CHELSA_mri-esm2-0_ssp370_bio09_2011-2040_V.2.1.tif;CHELSA_ukesm1-0-ll_ssp370_bio09_2011-2040_V.2.1.tif,past anchor: 1981-2010 climatology
0,Haut_de_Cry,2022-07-15,46.240257,7.195001,bio10,interp_ssp370,7.163333333333361,2022.5,1996.00:5.75 -> 2026.00:7.35,6,6,0.1/-273.15;0.1/-273.15;0.1/-273.15;0.1/-273.15;0.1/-273.15;0.1/-273.15,CHELSA_bio10_1981-2010_V.2.1.tif;CHELSA_gfdl-esm4_ssp370_bio10_2011-2040_V.2.1.tif;CHELSA_ipsl-cm6a-lr_ssp370_bio10_2011-2040_V.2.1.tif;CHELSA_mpi-esm1-2-hr_ssp370_bio10_2011-2040_V.2.1.tif;CHELSA_mri-esm2-0_ssp370_bio10_2011-2040_V.2.1.tif;CHELSA_ukesm1-0-ll_ssp370_bio10_2011-2040_V.2.1.tif,past anchor: 1981-2010 climatology
0,Haut_de_Cry,2022-07-15,46.240257,7.195001,bio11,interp_ssp370,-13.024999999999967,2022.5,1996.00:-14.35 -> 2026.00:-12.85,6,6,0.1/-273.15;0.1/-273.15;0.1/-273.15;0.1/-273.15;0.1/-273.15;0.1/-273.15,CHELSA_bio11_1981-2010_V.2.1.tif;CHELSA_gfdl-esm4_ssp370_bio11_2011-2040_V.2.1.tif;CHELSA_ipsl-cm6a-lr_ssp370_bio11_2011-2040_V.2.1.tif;CHELSA_mpi-esm1-2-hr_ssp370_bio11_2011-2040_V.2.1.tif;CHELSA_mri-esm2-0_ssp370_bio11_2011-2040_V.2.1.tif;CHELSA_ukesm1-0-ll_ssp370_bio11_2011-2040_V.2.1.tif,past anchor: 1981-2010 climatology
0,Haut_de_Cry,2022-07-15,46.240257,7.195001,bio12,interp_ssp370,2058.9666666666667,2022.5,1996.00:2036 -> 2026.00:2062,6,6,1.0/0.0;1.0/0.0;1.0/0.0;1.0/0.0;1.0/0.0;1.0/0.0,CHELSA_bio12_1981-2010_V.2.1.tif;CHELSA_gfdl-esm4_ssp370_bio12_2011-2040_V.2.1.tif;CHELSA_ipsl-cm6a-lr_ssp370_bio12_2011-2040_V.2.1.tif;CHELSA_mpi-esm1-2-hr_ssp370_bio12_2011-2040_V.2.1.tif;CHELSA_mri-esm2-0_ssp370_bio12_2011-2040_V.2.1.tif;CHELSA_ukesm1-0-ll_ssp370_bio12_2011-2040_V.2.1.tif,past anchor: 1981-2010 climatology
0,Haut_de_Cry,2022-07-15,46.240257,7.195001,bio13,interp_ssp370,224.68166666666667,2022.5,1996.00:214.7 -> 2026.00:226,6,6,0.1/0.0;0.1/0.0;0.1/0.0;0.1/0.0;0.1/0.0;0.1/0.0,CHELSA_bio13_1981-2010_V.2.1.tif;CHELSA_gfdl-esm4_ssp370_bio13_2011-2040_V.2.1.tif;CHELSA_ipsl-cm6a-lr_ssp370_bio13_2011-2040_V.2.1.tif;CHELSA_mpi-esm1-2-hr_ssp370_bio13_2011-2040_V.2.1.tif;CHELSA_mri-esm2-0_ssp370_bio13_2011-2040_V.2.1.tif;CHELSA_ukesm1-0-ll_ssp370_bio13_2011-2040_V.2.1.tif,past anchor: 1981-2010 climatology
0,Haut_de_Cry,2022-07-15,46.240257,7.195001,bio14,interp_ssp370,130.71166666666667,2022.5,1996.00:136.1 -> 2026.00:130,6,6,0.1/0.0;0.1/0.0;0.1/0.0;0.1/0.0;0.1/0.0;0.1/0.0,CHELSA_bio14_1981-2010_V.2.1.tif;CHELSA_gfdl-esm4_ssp370_bio14_2011-2040_V.2.1.tif;CHELSA_ipsl-cm6a-lr_ssp370_bio14_2011-2040_V.2.1.tif;CHELSA_mpi-esm1-2-hr_ssp370_bio14_2011-2040_V.2.1.tif;CHELSA_mri-esm2-0_ssp370_bio14_2011-2040_V.2.1.tif;CHELSA_ukesm1-0-ll_ssp370_bio14_2011-2040_V.2.1.tif,past anchor: 1981-2010 climatology
0,Haut_de_Cry,2022-07-15,46.240257,7.195001,bio15,interp_ssp370,17.62,2022.5,1996.00:15.5 -> 2026.00:17.9,6,6,0.1/0.0;0.1/0.0;0.1/0.0;0.1/0.0;0.1/0.0;0.1/0.0,CHELSA_bio15_1981-2010_V.2.1.tif;CHELSA_gfdl-esm4_ssp370_bio15_2011-2040_V.2.1.tif;CHELSA_ipsl-cm6a-lr_ssp370_bio15_2011-2040_V.2.1.tif;CHELSA_mpi-esm1-2-hr_ssp370_bio15_2011-2040_V.2.1.tif;CHELSA_mri-esm2-0_ssp370_bio15_2011-2040_V.2.1.tif;CHELSA_ukesm1-0-ll_ssp370_bio15_2011-2040_V.2.1.tif,past anchor: 1981-2010 climatology
0,Haut_de_Cry,2022-07-15,46.240257,7.195001,bio16,interp_ssp370,628.9966666666668,2022.5,1996.00:626.7 -> 2026.00:629.3,6,6,0.1/0.0;0.1/0.0;0.1/0.0;0.1/0.0;0.1/0.0;0.1/0.0,CHELSA_bio16_1981-2010_V.2.1.tif;CHELSA_gfdl-esm4_ssp370_bio16_2011-2040_V.2.1.tif;CHELSA_ipsl-cm6a-lr_ssp370_bio16_2011-2040_V.2.1.tif;CHELSA_mpi-esm1-2-hr_ssp370_bio16_2011-2040_V.2.1.tif;CHELSA_mri-esm2-0_ssp370_bio16_2011-2040_V.2.1.tif;CHELSA_ukesm1-0-ll_ssp370_bio16_2011-2040_V.2.1.tif,past anchor: 1981-2010 climatology
0,Haut_de_Cry,2022-07-15,46.240257,7.195001,bio17,interp_ssp370,430.06666666666666,2022.5,1996.00:428.3 -> 2026.00:430.3,6,6,0.1/0.0;0.1/0.0;0.1/0.0;0.1/0.0;0.1/0.0;0.1/0.0,CHELSA_bio17_1981-2010_V.2.1.tif;CHELSA_gfdl-esm4_ssp370_bio17_2011-2040_V.2.1.tif;CHELSA_ipsl-cm6a-lr_ssp370_bio17_2011-2040_V.2.1.tif;CHELSA_mpi-esm1-2-hr_ssp370_bio17_2011-2040_V.2.1.tif;CHELSA_mri-esm2-0_ssp370_bio17_2011-2040_V.2.1.tif;CHELSA_ukesm1-0-ll_ssp370_bio17_2011-2040_V.2.1.tif,past anchor: 1981-2010 climatology
0,Haut_de_Cry,2022-07-15,46.240257,7.195001,bio18,interp_ssp370,627.3183333333334,2022.5,1996.00:626.7 -> 2026.00:627.4,6,6,0.1/0.0;0.1/0.0;0.1/0.0;0.1/0.0;0.1/0.0;0.1/0.0,CHELSA_bio18_1981-2010_V.2.1.tif;CHELSA_gfdl-esm4_ssp370_bio18_2011-2040_V.2.1.tif;CHELSA_ipsl-cm6a-lr_ssp370_bio18_2011-2040_V.2.1.tif;CHELSA_mpi-esm1-2-hr_ssp370_bio18_2011-2040_V.2.1.tif;CHELSA_mri-esm2-0_ssp370_bio18_2011-2040_V.2.1.tif;CHELSA_ukesm1-0-ll_ssp370_bio18_2011-2040_V.2.1.tif,past anchor: 1981-2010 climatology
0,Haut_de_Cry,2022-07-15,46.240257,7.195001,bio19,interp_ssp370,502.49666666666667,2022.5,1996.00:479 -> 2026.00:505.6,6,6,0.1/0.0;0.1/0.0;0.1/0.0;0.1/0.0;0.1/0.0;0.1/0.0,CHELSA_bio19_1981-2010_V.2.1.tif;CHELSA_gfdl-esm4_ssp370_bio19_2011-2040_V.2.1.tif;CHELSA_ipsl-cm6a-lr_ssp370_bio19_2011-2040_V.2.1.tif;CHELSA_mpi-esm1-2-hr_ssp370_bio19_2011-2040_V.2.1.tif;CHELSA_mri-esm2-0_ssp370_bio19_2011-2040_V.2.1.tif;CHELSA_ukesm1-0-ll_ssp370_bio19_2011-2040_V.2.1.tif,past anchor: 1981-2010 climatology
0,Haut_de_Cry,2022-07-15,46.240257,7.195001,fcf,interp_ssp370,145.8,2022.5,1996.00:167 -> 2026.00:143,6,6,1.0/0.0;1.0/0.0;1.0/0.0;1.0/0.0;1.0/0.0;1.0/0.0,CHELSA_fcf_1981-2010_V.2.1.tif;CHELSA_gfdl-esm4_ssp370_fcf_2011-2040_V.2.1.tif;CHELSA_ipsl-cm6a-lr_ssp370_fcf_2011-2040_V.2.1.tif;CHELSA_mpi-esm1-2-hr_ssp370_fcf_2011-2040_V.2.1.tif;CHELSA_mri-esm2-0_ssp370_fcf_2011-2040_V.2.1.tif;CHELSA_ukesm1-0-ll_ssp370_fcf_2011-2040_V.2.1.tif,past anchor: 1981-2010 climatology
0,Haut_de_Cry,2022-07-15,46.240257,7.195001,fgd,interp_ssp370,202.28333333333333,2022.5,1996.00:0 -> 2026.00:229,6,6,1.0/0.0;1.0/0.0;1.0/0.0;1.0/0.0;1.0/0.0;1.0/0.0,CHELSA_fgd_1981-2010_V.2.1.tif;CHELSA_gfdl-esm4_ssp370_fgd_2011-2040_V.2.1.tif;CHELSA_ipsl-cm6a-lr_ssp370_fgd_2011-2040_V.2.1.tif;CHELSA_mpi-esm1-2-hr_ssp370_fgd_2011-2040_V.2.1.tif;CHELSA_mri-esm2-0_ssp370_fgd_2011-2040_V.2.1.tif;CHELSA_ukesm1-0-ll_ssp370_fgd_2011-2040_V.2.1.tif,past anchor: 1981-2010 climatology
0,Haut_de_Cry,2022-07-15,46.240257,7.195001,scd,interp_ssp370,317.3,2022.5,1996.00:365 -> 2026.00:311,6,6,1.0/0.0;1.0/0.0;1.0/0.0;1.0/0.0;1.0/0.0;1.0/0.0,CHELSA_scd_1981-2010_V.2.1.tif;CHELSA_gfdl-esm4_ssp370_scd_2011-2040_V.2.1.tif;CHELSA_ipsl-cm6a-lr_ssp370_scd_2011-2040_V.2.1.tif;CHELSA_mpi-esm1-2-hr_ssp370_scd_2011-2040_V.2.1.tif;CHELSA_mri-esm2-0_ssp370_scd_2011-2040_V.2.1.tif;CHELSA_ukesm1-0-ll_ssp370_scd_2011-2040_V.2.1.tif,past anchor: 1981-2010 climatology
0,Haut_de_Cry,2022-07-15,46.240257,7.195001,clt,recent_obs,36.768,,,5,5,0.01/0.0;0.01/0.0;0.01/-0.0;0.01/-0.0;0.01/-0.0,CHELSA_clt_07_2017_V.2.1.tif;CHELSA_clt_07_2018_V.2.1.tif;CHELSA_clt_07_2019_V.2.1.tif;CHELSA_clt_07_2020_V.2.1.tif;CHELSA_clt_07_2021_V.2.1.tif,no ssp370 projection for clt: mean of observed 07/2017-2021 (5 yr; last complete year 2021)
0,Haut_de_Cry,2022-07-15,46.240257,7.195001,cmi,recent_obs,112.72,,,5,5,0.1/0.0;0.1/0.0;0.1/0.0;0.1/0.0;0.1/0.0,CHELSA_cmi_07_2014_V.2.1.tif;CHELSA_cmi_07_2015_V.2.1.tif;CHELSA_cmi_07_2016_V.2.1.tif;CHELSA_cmi_07_2017_V.2.1.tif;CHELSA_cmi_07_2018_V.2.1.tif,no ssp370 projection for cmi: mean of observed 07/2014-2018 (5 yr; last complete year 2018)
0,Haut_de_Cry,2022-07-15,46.240257,7.195001,hurs,recent_obs,62.803999999999995,,,5,5,0.01/0.0;0.01/0.0;0.01/0.0;0.01/0.0;0.01/0.0,CHELSA_hurs_07_2014_V.2.1.tif;CHELSA_hurs_07_2015_V.2.1.tif;CHELSA_hurs_07_2016_V.2.1.tif;CHELSA_hurs_07_2017_V.2.1.tif;CHELSA_hurs_07_2018_V.2.1.tif,no ssp370 projection for hurs: mean of observed 07/2014-2018 (5 yr; last complete year 2018)
0,Haut_de_Cry,2022-07-15,46.240257,7.195001,pet,recent_obs,108.154,,,5,5,0.01/0.0;0.01/0.0;0.01/0.0;0.01/0.0;0.01/0.0,CHELSA_pet_07_2014_V.2.1.tif;CHELSA_pet_07_2015_V.2.1.tif;CHELSA_pet_07_2016_V.2.1.tif;CHELSA_pet_07_2017_V.2.1.tif;CHELSA_pet_07_2018_V.2.1.tif,no ssp370 projection for pet: mean of observed 07/2014-2018 (5 yr; last complete year 2018)
0,Haut_de_Cry,2022-07-15,46.240257,7.195001,pr,interp_ssp370,209.6923076923077,2022.542,2019.54:210.2 -> 2026.04:209.1,10,10,1.0/0.0;1.0/0.0;1.0/0.0;1.0/0.0;1.0/0.0;0.1/0.0;0.1/0.0;0.1/0.0;0.1/0.0;0.1/0.0,CHELSA_pr_07_2017_V.2.1.tif;CHELSA_pr_07_2018_V.2.1.tif;CHELSA_pr_07_2019_V.2.1.tif;CHELSA_pr_07_2020_V.2.1.tif;CHELSA_pr_07_2021_V.2.1.tif;CHELSA_gfdl-esm4_r1i1p1f1_w5e5_ssp370_pr_07_2011-2040_V.2.1.tif;CHELSA_ipsl-cm6a-lr_r1i1p1f1_w5e5_ssp370_pr_07_2011-2040_V.2.1.tif;CHELSA_mpi-esm1-2-hr_r1i1p1f1_w5e5_ssp370_pr_07_2011-2040_V.2.1.tif;CHELSA_mri-esm2-0_r1i1p1f1_w5e5_ssp370_pr_07_2011-2040_V.2.1.tif;CHELSA_ukesm1-0-ll_r1i1p1f1_w5e5_ssp370_pr_07_2011-2040_V.2.1.tif,past anchor: observed 07/2017-2021 (5 yr; last complete year 2021)
0,Haut_de_Cry,2022-07-15,46.240257,7.195001,rsds,recent_obs,258.141203612838,,,5,5,0.01157407407/0.0;0.01157407407/0.0;0.01157407407/0.0;0.01157407407/0.0;0.01157407407/0.0,CHELSA_rsds_07_2017_V.2.1.tif;CHELSA_rsds_07_2018_V.2.1.tif;CHELSA_rsds_07_2019_V.2.1.tif;CHELSA_rsds_07_2020_V.2.1.tif;CHELSA_rsds_07_2021_V.2.1.tif,no ssp370 projection for rsds: mean of observed 07/2017-2021 (5 yr; last complete year 2021)
0,Haut_de_Cry,2022-07-15,46.240257,7.195001,sfcWind,recent_obs,5.017999999999999,,,5,5,0.01/0.0;0.01/0.0;0.01/0.0;0.01/0.0;0.01/0.0,CHELSA_sfcWind_07_2014_V.2.1.tif;CHELSA_sfcWind_07_2015_V.2.1.tif;CHELSA_sfcWind_07_2016_V.2.1.tif;CHELSA_sfcWind_07_2017_V.2.1.tif;CHELSA_sfcWind_07_2018_V.2.1.tif,no ssp370 projection for sfcWind: mean of observed 07/2014-2018 (5 yr; last complete year 2018)
0,Haut_de_Cry,2022-07-15,46.240257,7.195001,spei12,recent_obs,-0.033999999999991815,,,5,5,0.01/-300.0;0.01/-300.0;0.01/-300.0;0.01/-300.0;0.01/-300.0,CHELSA_spei12_07_2014_V.2.1.tif;CHELSA_spei12_07_2015_V.2.1.tif;CHELSA_spei12_07_2016_V.2.1.tif;CHELSA_spei12_07_2017_V.2.1.tif;CHELSA_spei12_07_2018_V.2.1.tif,no ssp370 projection for spei12: mean of observed 07/2014-2018 (5 yr; last complete year 2018)
0,Haut_de_Cry,2022-07-15,46.240257,7.195001,spi12,recent_obs,-0.29799999999999044,,,5,5,0.01/-300.0;0.01/-300.0;0.01/-300.0;0.01/-300.0;0.01/-300.0,CHELSA_spi12_07_2014_V.2.1.tif;CHELSA_spi12_07_2015_V.2.1.tif;CHELSA_spi12_07_2016_V.2.1.tif;CHELSA_spi12_07_2017_V.2.1.tif;CHELSA_spi12_07_2018_V.2.1.tif,no ssp370 projection for spi12: mean of observed 07/2014-2018 (5 yr; last complete year 2018)
0,Haut_de_Cry,2022-07-15,46.240257,7.195001,tas,interp_ssp370,7.899230769230796,2022.542,2019.54:7.77 -> 2026.04:8.05,10,10,0.1/0.0;0.1/0.0;0.1/-0.0;0.1/-0.0;0.1/-0.0;0.1/0.0;0.1/0.0;0.1/0.0;0.1/0.0;0.1/0.0,CHELSA_tas_07_2017_V.2.1.tif;CHELSA_tas_07_2018_V.2.1.tif;CHELSA_tas_07_2019_V.2.1.tif;CHELSA_tas_07_2020_V.2.1.tif;CHELSA_tas_07_2021_V.2.1.tif;CHELSA_gfdl-esm4_r1i1p1f1_w5e5_ssp370_tas_07_2011-2040_V.2.1.tif;CHELSA_ipsl-cm6a-lr_r1i1p1f1_w5e5_ssp370_tas_07_2011-2040_V.2.1.tif;CHELSA_mpi-esm1-2-hr_r1i1p1f1_w5e5_ssp370_tas_07_2011-2040_V.2.1.tif;CHELSA_mri-esm2-0_r1i1p1f1_w5e5_ssp370_tas_07_2011-2040_V.2.1.tif;CHELSA_ukesm1-0-ll_r1i1p1f1_w5e5_ssp370_tas_07_2011-2040_V.2.1.tif,past anchor: observed 07/2017-2021 (5 yr; last complete year 2021); K -> degC
0,Haut_de_Cry,2022-07-15,46.240257,7.195001,tasmax,interp_ssp370,12.280769230769254,2022.542,2019.54:12.05 -> 2026.04:12.55,10,10,0.1/0.0;0.1/0.0;0.1/0.0;0.1/0.0;0.1/0.0;0.1/0.0;0.1/0.0;0.1/0.0;0.1/0.0;0.1/0.0,CHELSA_tasmax_07_2017_V.2.1.tif;CHELSA_tasmax_07_2018_V.2.1.tif;CHELSA_tasmax_07_2019_V.2.1.tif;CHELSA_tasmax_07_2020_V.2.1.tif;CHELSA_tasmax_07_2021_V.2.1.tif;CHELSA_gfdl-esm4_r1i1p1f1_w5e5_ssp370_tasmax_07_2011-2040_V.2.1.tif;CHELSA_ipsl-cm6a-lr_r1i1p1f1_w5e5_ssp370_tasmax_07_2011-2040_V.2.1.tif;CHELSA_mpi-esm1-2-hr_r1i1p1f1_w5e5_ssp370_tasmax_07_2011-2040_V.2.1.tif;CHELSA_mri-esm2-0_r1i1p1f1_w5e5_ssp370_tasmax_07_2011-2040_V.2.1.tif;CHELSA_ukesm1-0-ll_r1i1p1f1_w5e5_ssp370_tasmax_07_2011-2040_V.2.1.tif,past anchor: observed 07/2017-2021 (5 yr; last complete year 2021); K -> degC
0,Haut_de_Cry,2022-07-15,46.240257,7.195001,tasmin,interp_ssp370,0.990000000000024,2022.542,2019.54:1.11 -> 2026.04:0.85,10,10,0.1/0.0;0.1/0.0;0.1/0.0;0.1/0.0;0.1/0.0;0.1/0.0;0.1/0.0;0.1/0.0;0.1/0.0;0.1/0.0,CHELSA_tasmin_07_2017_V.2.1.tif;CHELSA_tasmin_07_2018_V.2.1.tif;CHELSA_tasmin_07_2019_V.2.1.tif;CHELSA_tasmin_07_2020_V.2.1.tif;CHELSA_tasmin_07_2021_V.2.1.tif;CHELSA_gfdl-esm4_r1i1p1f1_w5e5_ssp370_tasmin_07_2011-2040_V.2.1.tif;CHELSA_ipsl-cm6a-lr_r1i1p1f1_w5e5_ssp370_tasmin_07_2011-2040_V.2.1.tif;CHELSA_mpi-esm1-2-hr_r1i1p1f1_w5e5_ssp370_tasmin_07_2011-2040_V.2.1.tif;CHELSA_mri-esm2-0_r1i1p1f1_w5e5_ssp370_tasmin_07_2011-2040_V.2.1.tif;CHELSA_ukesm1-0-ll_r1i1p1f1_w5e5_ssp370_tasmin_07_2011-2040_V.2.1.tif,past anchor: observed 07/2017-2021 (5 yr; last complete year 2021); K -> degC
0,Haut_de_Cry,2022-07-15,46.240257,7.195001,vpd,recent_obs,383.34000000000003,,,5,5,0.1/0.0;0.1/0.0;0.1/0.0;0.1/0.0;0.1/0.0,CHELSA_vpd_07_2014_V.2.1.tif;CHELSA_vpd_07_2015_V.2.1.tif;CHELSA_vpd_07_2016_V.2.1.tif;CHELSA_vpd_07_2017_V.2.1.tif;CHELSA_vpd_07_2018_V.2.1.tif,no ssp370 projection for vpd: mean of observed 07/2014-2018 (5 yr; last complete year 2018)
1,Kathmandu_NP,2023-08-20,27.717245,85.324,bio01,interp_ssp370,19.000000000000014,2023.5,1996.00:18.45 -> 2026.00:19.05,6,6,0.1/-273.15;0.1/-273.15;0.1/-273.15;0.1/-273.15;0.1/-273.15;0.1/-273.15,CHELSA_bio01_1981-2010_V.2.1.tif;CHELSA_gfdl-esm4_ssp370_bio01_2011-2040_V.2.1.tif;CHELSA_ipsl-cm6a-lr_ssp370_bio01_2011-2040_V.2.1.tif;CHELSA_mpi-esm1-2-hr_ssp370_bio01_2011-2040_V.2.1.tif;CHELSA_mri-esm2-0_ssp370_bio01_2011-2040_V.2.1.tif;CHELSA_ukesm1-0-ll_ssp370_bio01_2011-2040_V.2.1.tif,past anchor: 1981-2010 climatology
1,Kathmandu_NP,2023-08-20,27.717245,85.324,bio02,interp_ssp370,8.325000000000001,2023.5,1996.00:8.6 -> 2026.00:8.3,6,6,0.1/0.0;0.1/0.0;0.1/0.0;0.1/0.0;0.1/0.0;0.1/0.0,CHELSA_bio02_1981-2010_V.2.1.tif;CHELSA_gfdl-esm4_ssp370_bio02_2011-2040_V.2.1.tif;CHELSA_ipsl-cm6a-lr_ssp370_bio02_2011-2040_V.2.1.tif;CHELSA_mpi-esm1-2-hr_ssp370_bio02_2011-2040_V.2.1.tif;CHELSA_mri-esm2-0_ssp370_bio02_2011-2040_V.2.1.tif;CHELSA_ukesm1-0-ll_ssp370_bio02_2011-2040_V.2.1.tif,past anchor: 1981-2010 climatology
1,Kathmandu_NP,2023-08-20,27.717245,85.324,bio03,interp_ssp370,0.4116666666666667,2023.5,1996.00:0.43 -> 2026.00:0.41,6,6,0.001/0.0;0.001/0.0;0.001/0.0;0.001/0.0;0.001/0.0;0.001/0.0,CHELSA_bio03_1981-2010_V.2.1.tif;CHELSA_gfdl-esm4_ssp370_bio03_2011-2040_V.2.1.tif;CHELSA_ipsl-cm6a-lr_ssp370_bio03_2011-2040_V.2.1.tif;CHELSA_mpi-esm1-2-hr_ssp370_bio03_2011-2040_V.2.1.tif;CHELSA_mri-esm2-0_ssp370_bio03_2011-2040_V.2.1.tif;CHELSA_ukesm1-0-ll_ssp370_bio03_2011-2040_V.2.1.tif,past anchor: 1981-2010 climatology
1,Kathmandu_NP,2023-08-20,27.717245,85.324,bio04,interp_ssp370,444.625,2023.5,1996.00:448.2 -> 2026.00:444.3,6,6,0.1/0.0;0.1/0.0;0.1/0.0;0.1/0.0;0.1/0.0;0.1/0.0,CHELSA_bio04_1981-2010_V.2.1.tif;CHELSA_gfdl-esm4_ssp370_bio04_2011-2040_V.2.1.tif;CHELSA_ipsl-cm6a-lr_ssp370_bio04_2011-2040_V.2.1.tif;CHELSA_mpi-esm1-2-hr_ssp370_bio04_2011-2040_V.2.1.tif;CHELSA_mri-esm2-0_ssp370_bio04_2011-2040_V.2.1.tif;CHELSA_ukesm1-0-ll_ssp370_bio04_2011-2040_V.2.1.tif,past anchor: 1981-2010 climatology
1,Kathmandu_NP,2023-08-20,27.717245,85.324,bio05,interp_ssp370,26.31666666666669,2023.5,1996.00:25.95 -> 2026.00:26.35,6,6,0.1/-273.15;0.1/-273.15;0.1/-273.15;0.1/-273.15;0.1/-273.15;0.1/-273.15,CHELSA_bio05_1981-2010_V.2.1.tif;CHELSA_gfdl-esm4_ssp370_bio05_2011-2040_V.2.1.tif;CHELSA_ipsl-cm6a-lr_ssp370_bio05_2011-2040_V.2.1.tif;CHELSA_mpi-esm1-2-hr_ssp370_bio05_2011-2040_V.2.1.tif;CHELSA_mri-esm2-0_ssp370_bio05_2011-2040_V.2.1.tif;CHELSA_ukesm1-0-ll_ssp370_bio05_2011-2040_V.2.1.tif,past anchor: 1981-2010 climatology
1,Kathmandu_NP,2023-08-20,27.717245,85.324,bio06,interp_ssp370,6.76666666666669,2023.5,1996.00:5.85 -> 2026.00:6.85,6,6,0.1/-273.15;0.1/-273.15;0.1/-273.15;0.1/-273.15;0.1/-273.15;0.1/-273.15,CHELSA_bio06_1981-2010_V.2.1.tif;CHELSA_gfdl-esm4_ssp370_bio06_2011-2040_V.2.1.tif;CHELSA_ipsl-cm6a-lr_ssp370_bio06_2011-2040_V.2.1.tif;CHELSA_mpi-esm1-2-hr_ssp370_bio06_2011-2040_V.2.1.tif;CHELSA_mri-esm2-0_ssp370_bio06_2011-2040_V.2.1.tif;CHELSA_ukesm1-0-ll_ssp370_bio06_2011-2040_V.2.1.tif,past anchor: 1981-2010 climatology
1,Kathmandu_NP,2023-08-20,27.717245,85.324,bio07,interp_ssp370,19.64166666666667,2023.5,1996.00:20.1 -> 2026.00:19.6,6,6,0.1/0.0;0.1/0.0;0.1/0.0;0.1/0.0;0.1/0.0;0.1/0.0,CHELSA_bio07_1981-2010_V.2.1.tif;CHELSA_gfdl-esm4_ssp370_bio07_2011-2040_V.2.1.tif;CHELSA_ipsl-cm6a-lr_ssp370_bio07_2011-2040_V.2.1.tif;CHELSA_mpi-esm1-2-hr_ssp370_bio07_2011-2040_V.2.1.tif;CHELSA_mri-esm2-0_ssp370_bio07_2011-2040_V.2.1.tif;CHELSA_ukesm1-0-ll_ssp370_bio07_2011-2040_V.2.1.tif,past anchor: 1981-2010 climatology
1,Kathmandu_NP,2023-08-20,27.717245,85.324,bio08,interp_ssp370,23.5916666666667,2023.5,1996.00:22.95 -> 2026.00:23.65,6,6,0.1/-273.15;0.1/-273.15;0.1/-273.15;0.1/-273.15;0.1/-273.15;0.1/-273.15,CHELSA_bio08_1981-2010_V.2.1.tif;CHELSA_gfdl-esm4_ssp370_bio08_2011-2040_V.2.1.tif;CHELSA_ipsl-cm6a-lr_ssp370_bio08_2011-2040_V.2.1.tif;CHELSA_mpi-esm1-2-hr_ssp370_bio08_2011-2040_V.2.1.tif;CHELSA_mri-esm2-0_ssp370_bio08_2011-2040_V.2.1.tif;CHELSA_ukesm1-0-ll_ssp370_bio08_2011-2040_V.2.1.tif,past anchor: 1981-2010 climatology
1,Kathmandu_NP,2023-08-20,27.717245,85.324,bio09,interp_ssp370,13.483333333333348,2023.5,1996.00:12.75 -> 2026.00:13.55,6,6,0.1/-273.15;0.1/-273.15;0.1/-273.15;0.1/-273.15;0.1/-273.15;0.1/-273.15,CHELSA_bio09_1981-2010_V.2.1.tif;CHELSA_gfdl-esm4_ssp370_bio09_2011-2040_V.2.1.tif;CHELSA_ipsl-cm6a-lr_ssp370_bio09_2011-2040_V.2.1.tif;CHELSA_mpi-esm1-2-hr_ssp370_bio09_2011-2040_V.2.1.tif;CHELSA_mri-esm2-0_ssp370_bio09_2011-2040_V.2.1.tif;CHELSA_ukesm1-0-ll_ssp370_bio09_2011-2040_V.2.1.tif,past anchor: 1981-2010 climatology
1,Kathmandu_NP,2023-08-20,27.717245,85.324,bio10,interp_ssp370,23.800000000000026,2023.5,1996.00:23.25 -> 2026.00:23.85,6,6,0.1/-273.15;0.1/-273.15;0.1/-273.15;0.1/-273.15;0.1/-273.15;0.1/-273.15,CHELSA_bio10_1981-2010_V.2.1.tif;CHELSA_gfdl-esm4_ssp370_bio10_2011-2040_V.2.1.tif;CHELSA_ipsl-cm6a-lr_ssp370_bio10_2011-2040_V.2.1.tif;CHELSA_mpi-esm1-2-hr_ssp370_bio10_2011-2040_V.2.1.tif;CHELSA_mri-esm2-0_ssp370_bio10_2011-2040_V.2.1.tif;CHELSA_ukesm1-0-ll_ssp370_bio10_2011-2040_V.2.1.tif,past anchor: 1981-2010 climatology
1,Kathmandu_NP,2023-08-20,27.717245,85.324,bio11,interp_ssp370,12.583333333333366,2023.5,1996.00:11.85 -> 2026.00:12.65,6,6,0.1/-273.15;0.1/-273.15;0.1/-273.15;0.1/-273.15;0.1/-273.15;0.1/-273.15,CHELSA_bio11_1981-2010_V.2.1.tif;CHELSA_gfdl-esm4_ssp370_bio11_2011-2040_V.2.1.tif;CHELSA_ipsl-cm6a-lr_ssp370_bio11_2011-2040_V.2.1.tif;CHELSA_mpi-esm1-2-hr_ssp370_bio11_2011-2040_V.2.1.tif;CHELSA_mri-esm2-0_ssp370_bio11_2011-2040_V.2.1.tif;CHELSA_ukesm1-0-ll_ssp370_bio11_2011-2040_V.2.1.tif,past anchor: 1981-2010 climatology
1,Kathmandu_NP,2023-08-20,27.717245,85.324,bio12,interp_ssp370,1704.5833333333333,2023.5,1996.00:1700 -> 2026.00:1705,6,6,1.0/0.0;1.0/0.0;1.0/0.0;1.0/0.0;1.0/0.0;1.0/0.0,CHELSA_bio12_1981-2010_V.2.1.tif;CHELSA_gfdl-esm4_ssp370_bio12_2011-2040_V.2.1.tif;CHELSA_ipsl-cm6a-lr_ssp370_bio12_2011-2040_V.2.1.tif;CHELSA_mpi-esm1-2-hr_ssp370_bio12_2011-2040_V.2.1.tif;CHELSA_mri-esm2-0_ssp370_bio12_2011-2040_V.2.1.tif;CHELSA_ukesm1-0-ll_ssp370_bio12_2011-2040_V.2.1.tif,past anchor: 1981-2010 climatology
1,Kathmandu_NP,2023-08-20,27.717245,85.324,bio13,interp_ssp370,460.1666666666667,2023.5,1996.00:454.3 -> 2026.00:460.7,6,6,0.1/0.0;0.1/0.0;0.1/0.0;0.1/0.0;0.1/0.0;0.1/0.0,CHELSA_bio13_1981-2010_V.2.1.tif;CHELSA_gfdl-esm4_ssp370_bio13_2011-2040_V.2.1.tif;CHELSA_ipsl-cm6a-lr_ssp370_bio13_2011-2040_V.2.1.tif;CHELSA_mpi-esm1-2-hr_ssp370_bio13_2011-2040_V.2.1.tif;CHELSA_mri-esm2-0_ssp370_bio13_2011-2040_V.2.1.tif;CHELSA_ukesm1-0-ll_ssp370_bio13_2011-2040_V.2.1.tif,past anchor: 1981-2010 climatology
1,Kathmandu_NP,2023-08-20,27.717245,85.324,bio14,interp_ssp370,8.258333333333335,2023.5,1996.00:7.8 -> 2026.00:8.3,6,6,0.1/0.0;0.1/0.0;0.1/0.0;0.1/0.0;0.1/0.0;0.1/0.0,CHELSA_bio14_1981-2010_V.2.1.tif;CHELSA_gfdl-esm4_ssp370_bio14_2011-2040_V.2.1.tif;CHELSA_ipsl-cm6a-lr_ssp370_bio14_2011-2040_V.2.1.tif;CHELSA_mpi-esm1-2-hr_ssp370_bio14_2011-2040_V.2.1.tif;CHELSA_mri-esm2-0_ssp370_bio14_2011-2040_V.2.1.tif;CHELSA_ukesm1-0-ll_ssp370_bio14_2011-2040_V.2.1.tif,past anchor: 1981-2010 climatology
1,Kathmandu_NP,2023-08-20,27.717245,85.324,bio15,interp_ssp370,107.85000000000001,2023.5,1996.00:109.5 -> 2026.00:107.7,6,6,0.1/0.0;0.1/0.0;0.1/0.0;0.1/0.0;0.1/0.0;0.1/0.0,CHELSA_bio15_1981-2010_V.2.1.tif;CHELSA_gfdl-esm4_ssp370_bio15_2011-2040_V.2.1.tif;CHELSA_ipsl-cm6a-lr_ssp370_bio15_2011-2040_V.2.1.tif;CHELSA_mpi-esm1-2-hr_ssp370_bio15_2011-2040_V.2.1.tif;CHELSA_mri-esm2-0_ssp370_bio15_2011-2040_V.2.1.tif;CHELSA_ukesm1-0-ll_ssp370_bio15_2011-2040_V.2.1.tif,past anchor: 1981-2010 climatology
1,Kathmandu_NP,2023-08-20,27.717245,85.324,bio16,interp_ssp370,1113.4166666666665,2023.5,1996.00:1137 -> 2026.00:1111,6,6,0.1/0.0;0.1/0.0;0.1/0.0;0.1/0.0;0.1/0.0;0.1/0.0,CHELSA_bio16_1981-2010_V.2.1.tif;CHELSA_gfdl-esm4_ssp370_bio16_2011-2040_V.2.1.tif;CHELSA_ipsl-cm6a-lr_ssp370_bio16_2011-2040_V.2.1.tif;CHELSA_mpi-esm1-2-hr_ssp370_bio16_2011-2040_V.2.1.tif;CHELSA_mri-esm2-0_ssp370_bio16_2011-2040_V.2.1.tif;CHELSA_ukesm1-0-ll_ssp370_bio16_2011-2040_V.2.1.tif,past anchor: 1981-2010 climatology
1,Kathmandu_NP,2023-08-20,27.717245,85.324,bio17,interp_ssp370,41.7,2023.5,1996.00:38.4 -> 2026.00:42,6,6,0.1/0.0;0.1/0.0;0.1/0.0;0.1/0.0;0.1/0.0;0.1/0.0,CHELSA_bio17_1981-2010_V.2.1.tif;CHELSA_gfdl-esm4_ssp370_bio17_2011-2040_V.2.1.tif;CHELSA_ipsl-cm6a-lr_ssp370_bio17_2011-2040_V.2.1.tif;CHELSA_mpi-esm1-2-hr_ssp370_bio17_2011-2040_V.2.1.tif;CHELSA_mri-esm2-0_ssp370_bio17_2011-2040_V.2.1.tif;CHELSA_ukesm1-0-ll_ssp370_bio17_2011-2040_V.2.1.tif,past anchor: 1981-2010 climatology
1,Kathmandu_NP,2023-08-20,27.717245,85.324,bio18,interp_ssp370,1070.3833333333334,2023.5,1996.00:1106 -> 2026.00:1067,6,6,0.1/0.0;0.1/0.0;0.1/0.0;0.1/0.0;0.1/0.0;0.1/0.0,CHELSA_bio18_1981-2010_V.2.1.tif;CHELSA_gfdl-esm4_ssp370_bio18_2011-2040_V.2.1.tif;CHELSA_ipsl-cm6a-lr_ssp370_bio18_2011-2040_V.2.1.tif;CHELSA_mpi-esm1-2-hr_ssp370_bio18_2011-2040_V.2.1.tif;CHELSA_mri-esm2-0_ssp370_bio18_2011-2040_V.2.1.tif;CHELSA_ukesm1-0-ll_ssp370_bio18_2011-2040_V.2.1.tif,past anchor: 1981-2010 climatology
1,Kathmandu_NP,2023-08-20,27.717245,85.324,bio19,interp_ssp370,57.54166666666667,2023.5,1996.00:54.7 -> 2026.00:57.8,6,6,0.1/0.0;0.1/0.0;0.1/0.0;0.1/0.0;0.1/0.0;0.1/0.0,CHELSA_bio19_1981-2010_V.2.1.tif;CHELSA_gfdl-esm4_ssp370_bio19_2011-2040_V.2.1.tif;CHELSA_ipsl-cm6a-lr_ssp370_bio19_2011-2040_V.2.1.tif;CHELSA_mpi-esm1-2-hr_ssp370_bio19_2011-2040_V.2.1.tif;CHELSA_mri-esm2-0_ssp370_bio19_2011-2040_V.2.1.tif;CHELSA_ukesm1-0-ll_ssp370_bio19_2011-2040_V.2.1.tif,past anchor: 1981-2010 climatology
1,Kathmandu_NP,2023-08-20,27.717245,85.324,fcf,interp_ssp370,0.0,2023.5,1996.00:0 -> 2026.00:0,6,6,1.0/0.0;1.0/0.0;1.0/0.0;1.0/0.0;1.0/0.0;1.0/0.0,CHELSA_fcf_1981-2010_V.2.1.tif;CHELSA_gfdl-esm4_ssp370_fcf_2011-2040_V.2.1.tif;CHELSA_ipsl-cm6a-lr_ssp370_fcf_2011-2040_V.2.1.tif;CHELSA_mpi-esm1-2-hr_ssp370_fcf_2011-2040_V.2.1.tif;CHELSA_mri-esm2-0_ssp370_fcf_2011-2040_V.2.1.tif;CHELSA_ukesm1-0-ll_ssp370_fcf_2011-2040_V.2.1.tif,past anchor: 1981-2010 climatology
1,Kathmandu_NP,2023-08-20,27.717245,85.324,fgd,interp_ssp370,115.16666666666667,2023.5,1996.00:106 -> 2026.00:116,6,6,1.0/0.0;1.0/0.0;1.0/0.0;1.0/0.0;1.0/0.0;1.0/0.0,CHELSA_fgd_1981-2010_V.2.1.tif;CHELSA_gfdl-esm4_ssp370_fgd_2011-2040_V.2.1.tif;CHELSA_ipsl-cm6a-lr_ssp370_fgd_2011-2040_V.2.1.tif;CHELSA_mpi-esm1-2-hr_ssp370_fgd_2011-2040_V.2.1.tif;CHELSA_mri-esm2-0_ssp370_fgd_2011-2040_V.2.1.tif;CHELSA_ukesm1-0-ll_ssp370_fgd_2011-2040_V.2.1.tif,past anchor: 1981-2010 climatology
1,Kathmandu_NP,2023-08-20,27.717245,85.324,scd,interp_ssp370,0.0,2023.5,1996.00:0 -> 2026.00:0,6,6,1.0/0.0;1.0/0.0;1.0/0.0;1.0/0.0;1.0/0.0;1.0/0.0,CHELSA_scd_1981-2010_V.2.1.tif;CHELSA_gfdl-esm4_ssp370_scd_2011-2040_V.2.1.tif;CHELSA_ipsl-cm6a-lr_ssp370_scd_2011-2040_V.2.1.tif;CHELSA_mpi-esm1-2-hr_ssp370_scd_2011-2040_V.2.1.tif;CHELSA_mri-esm2-0_ssp370_scd_2011-2040_V.2.1.tif;CHELSA_ukesm1-0-ll_ssp370_scd_2011-2040_V.2.1.tif,past anchor: 1981-2010 climatology
1,Kathmandu_NP,2023-08-20,27.717245,85.324,clt,recent_obs,70.102,,,5,5,0.01/0.0;0.01/0.0;0.01/-0.0;0.01/-0.0;0.01/-0.0,CHELSA_clt_08_2017_V.2.1.tif;CHELSA_clt_08_2018_V.2.1.tif;CHELSA_clt_08_2019_V.2.1.tif;CHELSA_clt_08_2020_V.2.1.tif;CHELSA_clt_08_2021_V.2.1.tif,no ssp370 projection for clt: mean of observed 08/2017-2021 (5 yr; last complete year 2021)
1,Kathmandu_NP,2023-08-20,27.717245,85.324,cmi,recent_obs,309.98,,,5,5,0.1/0.0;0.1/0.0;0.1/0.0;0.1/0.0;0.1/0.0,CHELSA_cmi_08_2014_V.2.1.tif;CHELSA_cmi_08_2015_V.2.1.tif;CHELSA_cmi_08_2016_V.2.1.tif;CHELSA_cmi_08_2017_V.2.1.tif;CHELSA_cmi_08_2018_V.2.1.tif,no ssp370 projection for cmi: mean of observed 08/2014-2018 (5 yr; last complete year 2018)
1,Kathmandu_NP,2023-08-20,27.717245,85.324,hurs,recent_obs,72.354,,,5,5,0.01/0.0;0.01/0.0;0.01/0.0;0.01/0.0;0.01/0.0,CHELSA_hurs_08_2014_V.2.1.tif;CHELSA_hurs_08_2015_V.2.1.tif;CHELSA_hurs_08_2016_V.2.1.tif;CHELSA_hurs_08_2017_V.2.1.tif;CHELSA_hurs_08_2018_V.2.1.tif,no ssp370 projection for hurs: mean of observed 08/2014-2018 (5 yr; last complete year 2018)
1,Kathmandu_NP,2023-08-20,27.717245,85.324,pet,recent_obs,106.18000000000002,,,5,5,0.01/0.0;0.01/0.0;0.01/0.0;0.01/0.0;0.01/0.0,CHELSA_pet_08_2014_V.2.1.tif;CHELSA_pet_08_2015_V.2.1.tif;CHELSA_pet_08_2016_V.2.1.tif;CHELSA_pet_08_2017_V.2.1.tif;CHELSA_pet_08_2018_V.2.1.tif,no ssp370 projection for pet: mean of observed 08/2014-2018 (5 yr; last complete year 2018)
1,Kathmandu_NP,2023-08-20,27.717245,85.324,pr,interp_ssp370,404.24615384615385,2023.625,2019.62:388 -> 2026.12:414.4,10,10,1.0/0.0;1.0/0.0;1.0/0.0;1.0/0.0;1.0/0.0;0.1/0.0;0.1/0.0;0.1/0.0;0.1/0.0;0.1/0.0,CHELSA_pr_08_2017_V.2.1.tif;CHELSA_pr_08_2018_V.2.1.tif;CHELSA_pr_08_2019_V.2.1.tif;CHELSA_pr_08_2020_V.2.1.tif;CHELSA_pr_08_2021_V.2.1.tif;CHELSA_gfdl-esm4_r1i1p1f1_w5e5_ssp370_pr_08_2011-2040_V.2.1.tif;CHELSA_ipsl-cm6a-lr_r1i1p1f1_w5e5_ssp370_pr_08_2011-2040_V.2.1.tif;CHELSA_mpi-esm1-2-hr_r1i1p1f1_w5e5_ssp370_pr_08_2011-2040_V.2.1.tif;CHELSA_mri-esm2-0_r1i1p1f1_w5e5_ssp370_pr_08_2011-2040_V.2.1.tif;CHELSA_ukesm1-0-ll_r1i1p1f1_w5e5_ssp370_pr_08_2011-2040_V.2.1.tif,past anchor: observed 08/2017-2021 (5 yr; last complete year 2021)
1,Kathmandu_NP,2023-08-20,27.717245,85.324,rsds,recent_obs,156.65277772263602,,,5,5,0.01157407407/0.0;0.01157407407/0.0;0.01157407407/0.0;0.01157407407/0.0;0.01157407407/0.0,CHELSA_rsds_08_2017_V.2.1.tif;CHELSA_rsds_08_2018_V.2.1.tif;CHELSA_rsds_08_2019_V.2.1.tif;CHELSA_rsds_08_2020_V.2.1.tif;CHELSA_rsds_08_2021_V.2.1.tif,no ssp370 projection for rsds: mean of observed 08/2017-2021 (5 yr; last complete year 2021)
1,Kathmandu_NP,2023-08-20,27.717245,85.324,sfcWind,recent_obs,0.8,,,5,5,0.01/0.0;0.01/0.0;0.01/0.0;0.01/0.0;0.01/0.0,CHELSA_sfcWind_08_2014_V.2.1.tif;CHELSA_sfcWind_08_2015_V.2.1.tif;CHELSA_sfcWind_08_2016_V.2.1.tif;CHELSA_sfcWind_08_2017_V.2.1.tif;CHELSA_sfcWind_08_2018_V.2.1.tif,no ssp370 projection for sfcWind: mean of observed 08/2014-2018 (5 yr; last complete year 2018)
1,Kathmandu_NP,2023-08-20,27.717245,85.324,spei12,recent_obs,-0.18599999999999,,,5,5,0.01/-300.0;0.01/-300.0;0.01/-300.0;0.01/-300.0;0.01/-300.0,CHELSA_spei12_08_2014_V.2.1.tif;CHELSA_spei12_08_2015_V.2.1.tif;CHELSA_spei12_08_2016_V.2.1.tif;CHELSA_spei12_08_2017_V.2.1.tif;CHELSA_spei12_08_2018_V.2.1.tif,no ssp370 projection for spei12: mean of observed 08/2014-2018 (5 yr; last complete year 2018)
1,Kathmandu_NP,2023-08-20,27.717245,85.324,spi12,recent_obs,0.28799999999999953,,,5,5,0.01/-300.0;0.01/-300.0;0.01/-300.0;0.01/-300.0;0.01/-300.0,CHELSA_spi12_08_2014_V.2.1.tif;CHELSA_spi12_08_2015_V.2.1.tif;CHELSA_spi12_08_2016_V.2.1.tif;CHELSA_spi12_08_2017_V.2.1.tif;CHELSA_spi12_08_2018_V.2.1.tif,no ssp370 projection for spi12: mean of observed 08/2014-2018 (5 yr; last complete year 2018)
1,Kathmandu_NP,2023-08-20,27.717245,85.324,tas,interp_ssp370,23.842307692307717,2023.625,2019.62:23.83 -> 2026.12:23.85,10,10,0.1/0.0;0.1/0.0;0.1/-0.0;0.1/-0.0;0.1/-0.0;0.1/0.0;0.1/0.0;0.1/0.0;0.1/0.0;0.1/0.0,CHELSA_tas_08_2017_V.2.1.tif;CHELSA_tas_08_2018_V.2.1.tif;CHELSA_tas_08_2019_V.2.1.tif;CHELSA_tas_08_2020_V.2.1.tif;CHELSA_tas_08_2021_V.2.1.tif;CHELSA_gfdl-esm4_r1i1p1f1_w5e5_ssp370_tas_08_2011-2040_V.2.1.tif;CHELSA_ipsl-cm6a-lr_r1i1p1f1_w5e5_ssp370_tas_08_2011-2040_V.2.1.tif;CHELSA_mpi-esm1-2-hr_r1i1p1f1_w5e5_ssp370_tas_08_2011-2040_V.2.1.tif;CHELSA_mri-esm2-0_r1i1p1f1_w5e5_ssp370_tas_08_2011-2040_V.2.1.tif;CHELSA_ukesm1-0-ll_r1i1p1f1_w5e5_ssp370_tas_08_2011-2040_V.2.1.tif,past anchor: observed 08/2017-2021 (5 yr; last complete year 2021); K -> degC
1,Kathmandu_NP,2023-08-20,27.717245,85.324,tasmax,interp_ssp370,25.75769230769235,2023.625,2019.62:25.45 -> 2026.12:25.95,10,10,0.1/0.0;0.1/0.0;0.1/0.0;0.1/0.0;0.1/0.0;0.1/0.0;0.1/0.0;0.1/0.0;0.1/0.0;0.1/0.0,CHELSA_tasmax_08_2017_V.2.1.tif;CHELSA_tasmax_08_2018_V.2.1.tif;CHELSA_tasmax_08_2019_V.2.1.tif;CHELSA_tasmax_08_2020_V.2.1.tif;CHELSA_tasmax_08_2021_V.2.1.tif;CHELSA_gfdl-esm4_r1i1p1f1_w5e5_ssp370_tasmax_08_2011-2040_V.2.1.tif;CHELSA_ipsl-cm6a-lr_r1i1p1f1_w5e5_ssp370_tasmax_08_2011-2040_V.2.1.tif;CHELSA_mpi-esm1-2-hr_r1i1p1f1_w5e5_ssp370_tasmax_08_2011-2040_V.2.1.tif;CHELSA_mri-esm2-0_r1i1p1f1_w5e5_ssp370_tasmax_08_2011-2040_V.2.1.tif;CHELSA_ukesm1-0-ll_r1i1p1f1_w5e5_ssp370_tasmax_08_2011-2040_V.2.1.tif,past anchor: observed 08/2017-2021 (5 yr; last complete year 2021); K -> degC
1,Kathmandu_NP,2023-08-20,27.717245,85.324,tasmin,interp_ssp370,20.52692307692312,2023.625,2019.62:20.33 -> 2026.12:20.65,10,10,0.1/0.0;0.1/0.0;0.1/0.0;0.1/0.0;0.1/0.0;0.1/0.0;0.1/0.0;0.1/0.0;0.1/0.0;0.1/0.0,CHELSA_tasmin_08_2017_V.2.1.tif;CHELSA_tasmin_08_2018_V.2.1.tif;CHELSA_tasmin_08_2019_V.2.1.tif;CHELSA_tasmin_08_2020_V.2.1.tif;CHELSA_tasmin_08_2021_V.2.1.tif;CHELSA_gfdl-esm4_r1i1p1f1_w5e5_ssp370_tasmin_08_2011-2040_V.2.1.tif;CHELSA_ipsl-cm6a-lr_r1i1p1f1_w5e5_ssp370_tasmin_08_2011-2040_V.2.1.tif;CHELSA_mpi-esm1-2-hr_r1i1p1f1_w5e5_ssp370_tasmin_08_2011-2040_V.2.1.tif;CHELSA_mri-esm2-0_r1i1p1f1_w5e5_ssp370_tasmin_08_2011-2040_V.2.1.tif;CHELSA_ukesm1-0-ll_r1i1p1f1_w5e5_ssp370_tasmin_08_2011-2040_V.2.1.tif,past anchor: observed 08/2017-2021 (5 yr; last complete year 2021); K -> degC
1,Kathmandu_NP,2023-08-20,27.717245,85.324,vpd,recent_obs,806.6000000000001,,,5,5,0.1/0.0;0.1/0.0;0.1/0.0;0.1/0.0;0.1/0.0,CHELSA_vpd_08_2014_V.2.1.tif;CHELSA_vpd_08_2015_V.2.1.tif;CHELSA_vpd_08_2016_V.2.1.tif;CHELSA_vpd_08_2017_V.2.1.tif;CHELSA_vpd_08_2018_V.2.1.tif,no ssp370 projection for vpd: mean of observed 08/2014-2018 (5 yr; last complete year 2018)
