key,url,size_mb,n_coords,variables
chelsa/global/bioclim/bio01/1981-2010/CHELSA_bio01_1981-2010_V.2.1.tif,https://os.unil.cloud.switch.ch/chelsa02/chelsa/global/bioclim/bio01/1981-2010/CHELSA_bio01_1981-2010_V.2.1.tif,152.2,2,bio01
chelsa/global/bioclim/bio01/2011-2040/GFDL-ESM4/ssp370/CHELSA_gfdl-esm4_ssp370_bio01_2011-2040_V.2.1.tif,https://os.unil.cloud.switch.ch/chelsa02/chelsa/global/bioclim/bio01/2011-2040/GFDL-ESM4/ssp370/CHELSA_gfdl-esm4_ssp370_bio01_2011-2040_V.2.1.tif,156.1,2,bio01
chelsa/global/bioclim/bio01/2011-2040/IPSL-CM6A-LR/ssp370/CHELSA_ipsl-cm6a-lr_ssp370_bio01_2011-2040_V.2.1.tif,https://os.unil.cloud.switch.ch/chelsa02/chelsa/global/bioclim/bio01/2011-2040/IPSL-CM6A-LR/ssp370/CHELSA_ipsl-cm6a-lr_ssp370_bio01_2011-2040_V.2.1.tif,156.4,2,bio01
chelsa/global/bioclim/bio01/2011-2040/MPI-ESM1-2-HR/ssp370/CHELSA_mpi-esm1-2-hr_ssp370_bio01_2011-2040_V.2.1.tif,https://os.unil.cloud.switch.ch/chelsa02/chelsa/global/bioclim/bio01/2011-2040/MPI-ESM1-2-HR/ssp370/CHELSA_mpi-esm1-2-hr_ssp370_bio01_2011-2040_V.2.1.tif,156.3,2,bio01
chelsa/global/bioclim/bio01/2011-2040/MRI-ESM2-0/ssp370/CHELSA_mri-esm2-0_ssp370_bio01_2011-2040_V.2.1.tif,https://os.unil.cloud.switch.ch/chelsa02/chelsa/global/bioclim/bio01/2011-2040/MRI-ESM2-0/ssp370/CHELSA_mri-esm2-0_ssp370_bio01_2011-2040_V.2.1.tif,155.6,2,bio01
chelsa/global/bioclim/bio01/2011-2040/UKESM1-0-LL/ssp370/CHELSA_ukesm1-0-ll_ssp370_bio01_2011-2040_V.2.1.tif,https://os.unil.cloud.switch.ch/chelsa02/chelsa/global/bioclim/bio01/2011-2040/UKESM1-0-LL/ssp370/CHELSA_ukesm1-0-ll_ssp370_bio01_2011-2040_V.2.1.tif,157.1,2,bio01
chelsa/global/bioclim/bio02/1981-2010/CHELSA_bio02_1981-2010_V.2.1.tif,https://os.unil.cloud.switch.ch/chelsa02/chelsa/global/bioclim/bio02/1981-2010/CHELSA_bio02_1981-2010_V.2.1.tif,90.6,2,bio02
chelsa/global/bioclim/bio02/2011-2040/GFDL-ESM4/ssp370/CHELSA_gfdl-esm4_ssp370_bio02_2011-2040_V.2.1.tif,https://os.unil.cloud.switch.ch/chelsa02/chelsa/global/bioclim/bio02/2011-2040/GFDL-ESM4/ssp370/CHELSA_gfdl-esm4_ssp370_bio02_2011-2040_V.2.1.tif,97.1,2,bio02
chelsa/global/bioclim/bio02/2011-2040/IPSL-CM6A-LR/ssp370/CHELSA_ipsl-cm6a-lr_ssp370_bio02_2011-2040_V.2.1.tif,https://os.unil.cloud.switch.ch/chelsa02/chelsa/global/bioclim/bio02/2011-2040/IPSL-CM6A-LR/ssp370/CHELSA_ipsl-cm6a-lr_ssp370_bio02_2011-2040_V.2.1.tif,96.9,2,bio02
chelsa/global/bioclim/bio02/2011-2040/MPI-ESM1-2-HR/ssp370/CHELSA_mpi-esm1-2-hr_ssp370_bio02_2011-2040_V.2.1.tif,https://os.unil.cloud.switch.ch/chelsa02/chelsa/global/bioclim/bio02/2011-2040/MPI-ESM1-2-HR/ssp370/CHELSA_mpi-esm1-2-hr_ssp370_bio02_2011-2040_V.2.1.tif,97.0,2,bio02
chelsa/global/bioclim/bio02/2011-2040/MRI-ESM2-0/ssp370/CHELSA_mri-esm2-0_ssp370_bio02_2011-2040_V.2.1.tif,https://os.unil.cloud.switch.ch/chelsa02/chelsa/global/bioclim/bio02/2011-2040/MRI-ESM2-0/ssp370/CHELSA_mri-esm2-0_ssp370_bio02_2011-2040_V.2.1.tif,96.1,2,bio02
chelsa/global/bioclim/bio02/2011-2040/UKESM1-0-LL/ssp370/CHELSA_ukesm1-0-ll_ssp370_bio02_2011-2040_V.2.1.tif,https://os.unil.cloud.switch.ch/chelsa02/chelsa/global/bioclim/bio02/2011-2040/UKESM1-0-LL/ssp370/CHELSA_ukesm1-0-ll_ssp370_bio02_2011-2040_V.2.1.tif,97.8,2,bio02
chelsa/global/bioclim/bio03/1981-2010/CHELSA_bio03_1981-2010_V.2.1.tif,https://os.unil.cloud.switch.ch/chelsa02/chelsa/global/bioclim/bio03/1981-2010/CHELSA_bio03_1981-2010_V.2.1.tif,362.1,2,bio03
chelsa/global/bioclim/bio03/2011-2040/GFDL-ESM4/ssp370/CHELSA_gfdl-esm4_ssp370_bio03_2011-2040_V.2.1.tif,https://os.unil.cloud.switch.ch/chelsa02/chelsa/global/bioclim/bio03/2011-2040/GFDL-ESM4/ssp370/CHELSA_gfdl-esm4_ssp370_bio03_2011-2040_V.2.1.tif,383.9,2,bio03
chelsa/global/bioclim/bio03/2011-2040/IPSL-CM6A-LR/ssp370/CHELSA_ipsl-cm6a-lr_ssp370_bio03_2011-2040_V.2.1.tif,https://os.unil.cloud.switch.ch/chelsa02/chelsa/global/bioclim/bio03/2011-2040/IPSL-CM6A-LR/ssp370/CHELSA_ipsl-cm6a-lr_ssp370_bio03_2011-2040_V.2.1.tif,383.9,2,bio03
chelsa/global/bioclim/bio03/2011-2040/MPI-ESM1-2-HR/ssp370/CHELSA_mpi-esm1-2-hr_ssp370_bio03_2011-2040_V.2.1.tif,https://os.unil.cloud.switch.ch/chelsa02/chelsa/global/bioclim/bio03/2011-2040/MPI-ESM1-2-HR/ssp370/CHELSA_mpi-esm1-2-hr_ssp370_bio03_2011-2040_V.2.1.tif,386.0,2,bio03
chelsa/global/bioclim/bio03/2011-2040/MRI-ESM2-0/ssp370/CHELSA_mri-esm2-0_ssp370_bio03_2011-2040_V.2.1.tif,https://os.unil.cloud.switch.ch/chelsa02/chelsa/global/bioclim/bio03/2011-2040/MRI-ESM2-0/ssp370/CHELSA_mri-esm2-0_ssp370_bio03_2011-2040_V.2.1.tif,382.8,2,bio03
chelsa/global/bioclim/bio03/2011-2040/UKESM1-0-LL/ssp370/CHELSA_ukesm1-0-ll_ssp370_bio03_2011-2040_V.2.1.tif,https://os.unil.cloud.switch.ch/chelsa02/chelsa/global/bioclim/bio03/2011-2040/UKESM1-0-LL/ssp370/CHELSA_ukesm1-0-ll_ssp370_bio03_2011-2040_V.2.1.tif,385.5,2,bio03
chelsa/global/bioclim/bio04/1981-2010/CHELSA_bio04_1981-2010_V.2.1.tif,https://os.unil.cloud.switch.ch/chelsa02/chelsa/global/bioclim/bio04/1981-2010/CHELSA_bio04_1981-2010_V.2.1.tif,621.5,2,bio04
chelsa/global/bioclim/bio04/2011-2040/GFDL-ESM4/ssp370/CHELSA_gfdl-esm4_ssp370_bio04_2011-2040_V.2.1.tif,https://os.unil.cloud.switch.ch/chelsa02/chelsa/global/bioclim/bio04/2011-2040/GFDL-ESM4/ssp370/CHELSA_gfdl-esm4_ssp370_bio04_2011-2040_V.2.1.tif,662.4,2,bio04
chelsa/global/bioclim/bio04/2011-2040/IPSL-CM6A-LR/ssp370/CHELSA_ipsl-cm6a-lr_ssp370_bio04_2011-2040_V.2.1.tif,https://os.unil.cloud.switch.ch/chelsa02/chelsa/global/bioclim/bio04/2011-2040/IPSL-CM6A-LR/ssp370/CHELSA_ipsl-cm6a-lr_ssp370_bio04_2011-2040_V.2.1.tif,663.0,2,bio04
chelsa/global/bioclim/bio04/2011-2040/MPI-ESM1-2-HR/ssp370/CHELSA_mpi-esm1-2-hr_ssp370_bio04_2011-2040_V.2.1.tif,https://os.unil.cloud.switch.ch/chelsa02/chelsa/global/bioclim/bio04/2011-2040/MPI-ESM1-2-HR/ssp370/CHELSA_mpi-esm1-2-hr_ssp370_bio04_2011-2040_V.2.1.tif,664.2,2,bio04
chelsa/global/bioclim/bio04/2011-2040/MRI-ESM2-0/ssp370/CHELSA_mri-esm2-0_ssp370_bio04_2011-2040_V.2.1.tif,https://os.unil.cloud.switch.ch/chelsa02/chelsa/global/bioclim/bio04/2011-2040/MRI-ESM2-0/ssp370/CHELSA_mri-esm2-0_ssp370_bio04_2011-2040_V.2.1.tif,658.3,2,bio04
chelsa/global/bioclim/bio04/2011-2040/UKESM1-0-LL/ssp370/CHELSA_ukesm1-0-ll_ssp370_bio04_2011-2040_V.2.1.tif,https://os.unil.cloud.switch.ch/chelsa02/chelsa/global/bioclim/bio04/2011-2040/UKESM1-0-LL/ssp370/CHELSA_ukesm1-0-ll_ssp370_bio04_2011-2040_V.2.1.tif,665.6,2,bio04
chelsa/global/bioclim/bio05/1981-2010/CHELSA_bio05_1981-2010_V.2.1.tif,https://os.unil.cloud.switch.ch/chelsa02/chelsa/global/bioclim/bio05/1981-2010/CHELSA_bio05_1981-2010_V.2.1.tif,165.3,2,bio05
chelsa/global/bioclim/bio05/2011-2040/GFDL-ESM4/ssp370/CHELSA_gfdl-esm4_ssp370_bio05_2011-2040_V.2.1.tif,https://os.unil.cloud.switch.ch/chelsa02/chelsa/global/bioclim/bio05/2011-2040/GFDL-ESM4/ssp370/CHELSA_gfdl-esm4_ssp370_bio05_2011-2040_V.2.1.tif,172.4,2,bio05
chelsa/global/bioclim/bio05/2011-2040/IPSL-CM6A-LR/ssp370/CHELSA_ipsl-cm6a-lr_ssp370_bio05_2011-2040_V.2.1.tif,https://os.unil.cloud.switch.ch/chelsa02/chelsa/global/bioclim/bio05/2011-2040/IPSL-CM6A-LR/ssp370/CHELSA_ipsl-cm6a-lr_ssp370_bio05_2011-2040_V.2.1.tif,172.1,2,bio05
chelsa/global/bioclim/bio05/2011-2040/MPI-ESM1-2-HR/ssp370/CHELSA_mpi-esm1-2-hr_ssp370_bio05_2011-2040_V.2.1.tif,https://os.unil.cloud.switch.ch/chelsa02/chelsa/global/bioclim/bio05/2011-2040/MPI-ESM1-2-HR/ssp370/CHELSA_mpi-esm1-2-hr_ssp370_bio05_2011-2040_V.2.1.tif,172.7,2,bio05
chelsa/global/bioclim/bio05/2011-2040/MRI-ESM2-0/ssp370/CHELSA_mri-esm2-0_ssp370_bio05_2011-2040_V.2.1.tif,https://os.unil.cloud.switch.ch/chelsa02/chelsa/global/bioclim/bio05/2011-2040/MRI-ESM2-0/ssp370/CHELSA_mri-esm2-0_ssp370_bio05_2011-2040_V.2.1.tif,171.6,2,bio05
chelsa/global/bioclim/bio05/2011-2040/UKESM1-0-LL/ssp370/CHELSA_ukesm1-0-ll_ssp370_bio05_2011-2040_V.2.1.tif,https://os.unil.cloud.switch.ch/chelsa02/chelsa/global/bioclim/bio05/2011-2040/UKESM1-0-LL/ssp370/CHELSA_ukesm1-0-ll_ssp370_bio05_2011-2040_V.2.1.tif,173.1,2,bio05
chelsa/global/bioclim/bio06/1981-2010/CHELSA_bio06_1981-2010_V.2.1.tif,https://os.unil.cloud.switch.ch/chelsa02/chelsa/global/bioclim/bio06/1981-2010/CHELSA_bio06_1981-2010_V.2.1.tif,155.7,2,bio06
chelsa/global/bioclim/bio06/2011-2040/GFDL-ESM4/ssp370/CHELSA_gfdl-esm4_ssp370_bio06_2011-2040_V.2.1.tif,https://os.unil.cloud.switch.ch/chelsa02/chelsa/global/bioclim/bio06/2011-2040/GFDL-ESM4/ssp370/CHELSA_gfdl-esm4_ssp370_bio06_2011-2040_V.2.1.tif,164.1,2,bio06
chelsa/global/bioclim/bio06/2011-2040/IPSL-CM6A-LR/ssp370/CHELSA_ipsl-cm6a-lr_ssp370_bio06_2011-2040_V.2.1.tif,https://os.unil.cloud.switch.ch/chelsa02/chelsa/global/bioclim/bio06/2011-2040/IPSL-CM6A-LR/ssp370/CHELSA_ipsl-cm6a-lr_ssp370_bio06_2011-2040_V.2.1.tif,165.8,2,bio06
chelsa/global/bioclim/bio06/2011-2040/MPI-ESM1-2-HR/ssp370/CHELSA_mpi-esm1-2-hr_ssp370_bio06_2011-2040_V.2.1.tif,https://os.unil.cloud.switch.ch/chelsa02/chelsa/global/bioclim/bio06/2011-2040/MPI-ESM1-2-HR/ssp370/CHELSA_mpi-esm1-2-hr_ssp370_bio06_2011-2040_V.2.1.tif,165.1,2,bio06
chelsa/global/bioclim/bio06/2011-2040/MRI-ESM2-0/ssp370/CHELSA_mri-esm2-0_ssp370_bio06_2011-2040_V.2.1.tif,https://os.unil.cloud.switch.ch/chelsa02/chelsa/global/bioclim/bio06/2011-2040/MRI-ESM2-0/ssp370/CHELSA_mri-esm2-0_ssp370_bio06_2011-2040_V.2.1.tif,164.1,2,bio06
chelsa/global/bioclim/bio06/2011-2040/UKESM1-0-LL/ssp370/CHELSA_ukesm1-0-ll_ssp370_bio06_2011-2040_V.2.1.tif,https://os.unil.cloud.switch.ch/chelsa02/chelsa/global/bioclim/bio06/2011-2040/UKESM1-0-LL/ssp370/CHELSA_ukesm1-0-ll_ssp370_bio06_2011-2040_V.2.1.tif,167.4,2,bio06
chelsa/global/bioclim/bio07/1981-2010/CHELSA_bio07_1981-2010_V.2.1.tif,https://os.unil.cloud.switch.ch/chelsa02/chelsa/global/bioclim/bio07/1981-2010/CHELSA_bio07_1981-2010_V.2.1.tif,169.3,2,bio07
chelsa/global/bioclim/bio07/2011-2040/GFDL-ESM4/ssp370/CHELSA_gfdl-esm4_ssp370_bio07_2011-2040_V.2.1.tif,https://os.unil.cloud.switch.ch/chelsa02/chelsa/global/bioclim/bio07/2011-2040/GFDL-ESM4/ssp370/CHELSA_gfdl-esm4_ssp370_bio07_2011-2040_V.2.1.tif,181.5,2,bio07
chelsa/global/bioclim/bio07/2011-2040/IPSL-CM6A-LR/ssp370/CHELSA_ipsl-cm6a-lr_ssp370_bio07_2011-2040_V.2.1.tif,https://os.unil.cloud.switch.ch/chelsa02/chelsa/global/bioclim/bio07/2011-2040/IPSL-CM6A-LR/ssp370/CHELSA_ipsl-cm6a-lr_ssp370_bio07_2011-2040_V.2.1.tif,181.5,2,bio07
chelsa/global/bioclim/bio07/2011-2040/MPI-ESM1-2-HR/ssp370/CHELSA_mpi-esm1-2-hr_ssp370_bio07_2011-2040_V.2.1.tif,https://os.unil.cloud.switch.ch/chelsa02/chelsa/global/bioclim/bio07/2011-2040/MPI-ESM1-2-HR/ssp370/CHELSA_mpi-esm1-2-hr_ssp370_bio07_2011-2040_V.2.1.tif,182.1,2,bio07
chelsa/global/bioclim/bio07/2011-2040/MRI-ESM2-0/ssp370/CHELSA_mri-esm2-0_ssp370_bio07_2011-2040_V.2.1.tif,https://os.unil.cloud.switch.ch/chelsa02/chelsa/global/bioclim/bio07/2011-2040/MRI-ESM2-0/ssp370/CHELSA_mri-esm2-0_ssp370_bio07_2011-2040_V.2.1.tif,180.5,2,bio07
chelsa/global/bioclim/bio07/2011-2040/UKESM1-0-LL/ssp370/CHELSA_ukesm1-0-ll_ssp370_bio07_2011-2040_V.2.1.tif,https://os.unil.cloud.switch.ch/chelsa02/chelsa/global/bioclim/bio07/2011-2040/UKESM1-0-LL/ssp370/CHELSA_ukesm1-0-ll_ssp370_bio07_2011-2040_V.2.1.tif,182.5,2,bio07
chelsa/global/bioclim/bio08/1981-2010/CHELSA_bio08_1981-2010_V.2.1.tif,https://os.unil.cloud.switch.ch/chelsa02/chelsa/global/bioclim/bio08/1981-2010/CHELSA_bio08_1981-2010_V.2.1.tif,172.5,2,bio08
chelsa/global/bioclim/bio08/2011-2040/GFDL-ESM4/ssp370/CHELSA_gfdl-esm4_ssp370_bio08_2011-2040_V.2.1.tif,https://os.unil.cloud.switch.ch/chelsa02/chelsa/global/bioclim/bio08/2011-2040/GFDL-ESM4/ssp370/CHELSA_gfdl-esm4_ssp370_bio08_2011-2040_V.2.1.tif,179.3,2,bio08
chelsa/global/bioclim/bio08/2011-2040/IPSL-CM6A-LR/ssp370/CHELSA_ipsl-cm6a-lr_ssp370_bio08_2011-2040_V.2.1.tif,https://os.unil.cloud.switch.ch/chelsa02/chelsa/global/bioclim/bio08/2011-2040/IPSL-CM6A-LR/ssp370/CHELSA_ipsl-cm6a-lr_ssp370_bio08_2011-2040_V.2.1.tif,179.4,2,bio08
chelsa/global/bioclim/bio08/2011-2040/MPI-ESM1-2-HR/ssp370/CHELSA_mpi-esm1-2-hr_ssp370_bio08_2011-2040_V.2.1.tif,https://os.unil.cloud.switch.ch/chelsa02/chelsa/global/bioclim/bio08/2011-2040/MPI-ESM1-2-HR/ssp370/CHELSA_mpi-esm1-2-hr_ssp370_bio08_2011-2040_V.2.1.tif,179.5,2,bio08
chelsa/global/bioclim/bio08/2011-2040/MRI-ESM2-0/ssp370/CHELSA_mri-esm2-0_ssp370_bio08_2011-2040_V.2.1.tif,https://os.unil.cloud.switch.ch/chelsa02/chelsa/global/bioclim/bio08/2011-2040/MRI-ESM2-0/ssp370/CHELSA_mri-esm2-0_ssp370_bio08_2011-2040_V.2.1.tif,178.4,2,bio08
chelsa/global/bioclim/bio08/2011-2040/UKESM1-0-LL/ssp370/CHELSA_ukesm1-0-ll_ssp370_bio08_2011-2040_V.2.1.tif,https://os.unil.cloud.switch.ch/chelsa02/chelsa/global/bioclim/bio08/2011-2040/UKESM1-0-LL/ssp370/CHELSA_ukesm1-0-ll_ssp370_bio08_2011-2040_V.2.1.tif,180.5,2,bio08
chelsa/global/bioclim/bio09/1981-2010/CHELSA_bio09_1981-2010_V.2.1.tif,https://os.unil.cloud.switch.ch/chelsa02/chelsa/global/bioclim/bio09/1981-2010/CHELSA_bio09_1981-2010_V.2.1.tif,164.4,2,bio09
chelsa/global/bioclim/bio09/2011-2040/GFDL-ESM4/ssp370/CHELSA_gfdl-esm4_ssp370_bio09_2011-2040_V.2.1.tif,https://os.unil.cloud.switch.ch/chelsa02/chelsa/global/bioclim/bio09/2011-2040/GFDL-ESM4/ssp370/CHELSA_gfdl-esm4_ssp370_bio09_2011-2040_V.2.1.tif,171.3,2,bio09
chelsa/global/bioclim/bio09/2011-2040/IPSL-CM6A-LR/ssp370/CHELSA_ipsl-cm6a-lr_ssp370_bio09_2011-2040_V.2.1.tif,https://os.unil.cloud.switch.ch/chelsa02/chelsa/global/bioclim/bio09/2011-2040/IPSL-CM6A-LR/ssp370/CHELSA_ipsl-cm6a-lr_ssp370_bio09_2011-2040_V.2.1.tif,172.2,2,bio09
chelsa/global/bioclim/bio09/2011-2040/MPI-ESM1-2-HR/ssp370/CHELSA_mpi-esm1-2-hr_ssp370_bio09_2011-2040_V.2.1.tif,https://os.unil.cloud.switch.ch/chelsa02/chelsa/global/bioclim/bio09/2011-2040/MPI-ESM1-2-HR/ssp370/CHELSA_mpi-esm1-2-hr_ssp370_bio09_2011-2040_V.2.1.tif,172.1,2,bio09
chelsa/global/bioclim/bio09/2011-2040/MRI-ESM2-0/ssp370/CHELSA_mri-esm2-0_ssp370_bio09_2011-2040_V.2.1.tif,https://os.unil.cloud.switch.ch/chelsa02/chelsa/global/bioclim/bio09/2011-2040/MRI-ESM2-0/ssp370/CHELSA_mri-esm2-0_ssp370_bio09_2011-2040_V.2.1.tif,170.6,2,bio09
chelsa/global/bioclim/bio09/2011-2040/UKESM1-0-LL/ssp370/CHELSA_ukesm1-0-ll_ssp370_bio09_2011-2040_V.2.1.tif,https://os.unil.cloud.switch.ch/chelsa02/chelsa/global/bioclim/bio09/2011-2040/UKESM1-0-LL/ssp370/CHELSA_ukesm1-0-ll_ssp370_bio09_2011-2040_V.2.1.tif,172.8,2,bio09
chelsa/global/bioclim/bio10/1981-2010/CHELSA_bio10_1981-2010_V.2.1.tif,https://os.unil.cloud.switch.ch/chelsa02/chelsa/global/bioclim/bio10/1981-2010/CHELSA_bio10_1981-2010_V.2.1.tif,161.4,2,bio10
chelsa/global/bioclim/bio10/2011-2040/GFDL-ESM4/ssp370/CHELSA_gfdl-esm4_ssp370_bio10_2011-2040_V.2.1.tif,https://os.unil.cloud.switch.ch/chelsa02/chelsa/global/bioclim/bio10/2011-2040/GFDL-ESM4/ssp370/CHELSA_gfdl-esm4_ssp370_bio10_2011-2040_V.2.1.tif,166.9,2,bio10
chelsa/global/bioclim/bio10/2011-2040/IPSL-CM6A-LR/ssp370/CHELSA_ipsl-cm6a-lr_ssp370_bio10_2011-2040_V.2.1.tif,https://os.unil.cloud.switch.ch/chelsa02/chelsa/global/bioclim/bio10/2011-2040/IPSL-CM6A-LR/ssp370/CHELSA_ipsl-cm6a-lr_ssp370_bio10_2011-2040_V.2.1.tif,166.9,2,bio10
chelsa/global/bioclim/bio10/2011-2040/MPI-ESM1-2-HR/ssp370/CHELSA_mpi-esm1-2-hr_ssp370_bio10_2011-2040_V.2.1.tif,https://os.unil.cloud.switch.ch/chelsa02/chelsa/global/bioclim/bio10/2011-2040/MPI-ESM1-2-HR/ssp370/CHELSA_mpi-esm1-2-hr_ssp370_bio10_2011-2040_V.2.1.tif,167.2,2,bio10
chelsa/global/bioclim/bio10/2011-2040/MRI-ESM2-0/ssp370/CHELSA_mri-esm2-0_ssp370_bio10_2011-2040_V.2.1.tif,https://os.unil.cloud.switch.ch/chelsa02/chelsa/global/bioclim/bio10/2011-2040/MRI-ESM2-0/ssp370/CHELSA_mri-esm2-0_ssp370_bio10_2011-2040_V.2.1.tif,166.1,2,bio10
chelsa/global/bioclim/bio10/2011-2040/UKESM1-0-LL/ssp370/CHELSA_ukesm1-0-ll_ssp370_bio10_2011-2040_V.2.1.tif,https://os.unil.cloud.switch.ch/chelsa02/chelsa/global/bioclim/bio10/2011-2040/UKESM1-0-LL/ssp370/CHELSA_ukesm1-0-ll_ssp370_bio10_2011-2040_V.2.1.tif,167.8,2,bio10
chelsa/global/bioclim/bio11/1981-2010/CHELSA_bio11_1981-2010_V.2.1.tif,https://os.unil.cloud.switch.ch/chelsa02/chelsa/global/bioclim/bio11/1981-2010/CHELSA_bio11_1981-2010_V.2.1.tif,151.5,2,bio11
chelsa/global/bioclim/bio11/2011-2040/GFDL-ESM4/ssp370/CHELSA_gfdl-esm4_ssp370_bio11_2011-2040_V.2.1.tif,https://os.unil.cloud.switch.ch/chelsa02/chelsa/global/bioclim/bio11/2011-2040/GFDL-ESM4/ssp370/CHELSA_gfdl-esm4_ssp370_bio11_2011-2040_V.2.1.tif,158.9,2,bio11
chelsa/global/bioclim/bio11/2011-2040/IPSL-CM6A-LR/ssp370/CHELSA_ipsl-cm6a-lr_ssp370_bio11_2011-2040_V.2.1.tif,https://os.unil.cloud.switch.ch/chelsa02/chelsa/global/bioclim/bio11/2011-2040/IPSL-CM6A-LR/ssp370/CHELSA_ipsl-cm6a-lr_ssp370_bio11_2011-2040_V.2.1.tif,159.4,2,bio11
chelsa/global/bioclim/bio11/2011-2040/MPI-ESM1-2-HR/ssp370/CHELSA_mpi-esm1-2-hr_ssp370_bio11_2011-2040_V.2.1.tif,https://os.unil.cloud.switch.ch/chelsa02/chelsa/global/bioclim/bio11/2011-2040/MPI-ESM1-2-HR/ssp370/CHELSA_mpi-esm1-2-hr_ssp370_bio11_2011-2040_V.2.1.tif,159.3,2,bio11
chelsa/global/bioclim/bio11/2011-2040/MRI-ESM2-0/ssp370/CHELSA_mri-esm2-0_ssp370_bio11_2011-2040_V.2.1.tif,https://os.unil.cloud.switch.ch/chelsa02/chelsa/global/bioclim/bio11/2011-2040/MRI-ESM2-0/ssp370/CHELSA_mri-esm2-0_ssp370_bio11_2011-2040_V.2.1.tif,158.1,2,bio11
chelsa/global/bioclim/bio11/2011-2040/UKESM1-0-LL/ssp370/CHELSA_ukesm1-0-ll_ssp370_bio11_2011-2040_V.2.1.tif,https://os.unil.cloud.switch.ch/chelsa02/chelsa/global/bioclim/bio11/2011-2040/UKESM1-0-LL/ssp370/CHELSA_ukesm1-0-ll_ssp370_bio11_2011-2040_V.2.1.tif,160.3,2,bio11
chelsa/global/bioclim/bio12/1981-2010/CHELSA_bio12_1981-2010_V.2.1.tif,https://os.unil.cloud.switch.ch/chelsa02/chelsa/global/bioclim/bio12/1981-2010/CHELSA_bio12_1981-2010_V.2.1.tif,349.3,2,bio12
chelsa/global/bioclim/bio12/2011-2040/GFDL-ESM4/ssp370/CHELSA_gfdl-esm4_ssp370_bio12_2011-2040_V.2.1.tif,https://os.unil.cloud.switch.ch/chelsa02/chelsa/global/bioclim/bio12/2011-2040/GFDL-ESM4/ssp370/CHELSA_gfdl-esm4_ssp370_bio12_2011-2040_V.2.1.tif,363.4,2,bio12
chelsa/global/bioclim/bio12/2011-2040/IPSL-CM6A-LR/ssp370/CHELSA_ipsl-cm6a-lr_ssp370_bio12_2011-2040_V.2.1.tif,https://os.unil.cloud.switch.ch/chelsa02/chelsa/global/bioclim/bio12/2011-2040/IPSL-CM6A-LR/ssp370/CHELSA_ipsl-cm6a-lr_ssp370_bio12_2011-2040_V.2.1.tif,366.0,2,bio12
chelsa/global/bioclim/bio12/2011-2040/MPI-ESM1-2-HR/ssp370/CHELSA_mpi-esm1-2-hr_ssp370_bio12_2011-2040_V.2.1.tif,https://os.unil.cloud.switch.ch/chelsa02/chelsa/global/bioclim/bio12/2011-2040/MPI-ESM1-2-HR/ssp370/CHELSA_mpi-esm1-2-hr_ssp370_bio12_2011-2040_V.2.1.tif,365.1,2,bio12
chelsa/global/bioclim/bio12/2011-2040/MRI-ESM2-0/ssp370/CHELSA_mri-esm2-0_ssp370_bio12_2011-2040_V.2.1.tif,https://os.unil.cloud.switch.ch/chelsa02/chelsa/global/bioclim/bio12/2011-2040/MRI-ESM2-0/ssp370/CHELSA_mri-esm2-0_ssp370_bio12_2011-2040_V.2.1.tif,364.5,2,bio12
chelsa/global/bioclim/bio12/2011-2040/UKESM1-0-LL/ssp370/CHELSA_ukesm1-0-ll_ssp370_bio12_2011-2040_V.2.1.tif,https://os.unil.cloud.switch.ch/chelsa02/chelsa/global/bioclim/bio12/2011-2040/UKESM1-0-LL/ssp370/CHELSA_ukesm1-0-ll_ssp370_bio12_2011-2040_V.2.1.tif,367.5,2,bio12
chelsa/global/bioclim/bio13/1981-2010/CHELSA_bio13_1981-2010_V.2.1.tif,https://os.unil.cloud.switch.ch/chelsa02/chelsa/global/bioclim/bio13/1981-2010/CHELSA_bio13_1981-2010_V.2.1.tif,393.0,2,bio13
chelsa/global/bioclim/bio13/2011-2040/GFDL-ESM4/ssp370/CHELSA_gfdl-esm4_ssp370_bio13_2011-2040_V.2.1.tif,https://os.unil.cloud.switch.ch/chelsa02/chelsa/global/bioclim/bio13/2011-2040/GFDL-ESM4/ssp370/CHELSA_gfdl-esm4_ssp370_bio13_2011-2040_V.2.1.tif,453.2,2,bio13
chelsa/global/bioclim/bio13/2011-2040/IPSL-CM6A-LR/ssp370/CHELSA_ipsl-cm6a-lr_ssp370_bio13_2011-2040_V.2.1.tif,https://os.unil.cloud.switch.ch/chelsa02/chelsa/global/bioclim/bio13/2011-2040/IPSL-CM6A-LR/ssp370/CHELSA_ipsl-cm6a-lr_ssp370_bio13_2011-2040_V.2.1.tif,459.0,2,bio13
chelsa/global/bioclim/bio13/2011-2040/MPI-ESM1-2-HR/ssp370/CHELSA_mpi-esm1-2-hr_ssp370_bio13_2011-2040_V.2.1.tif,https://os.unil.cloud.switch.ch/chelsa02/chelsa/global/bioclim/bio13/2011-2040/MPI-ESM1-2-HR/ssp370/CHELSA_mpi-esm1-2-hr_ssp370_bio13_2011-2040_V.2.1.tif,456.4,2,bio13
chelsa/global/bioclim/bio13/2011-2040/MRI-ESM2-0/ssp370/CHELSA_mri-esm2-0_ssp370_bio13_2011-2040_V.2.1.tif,https://os.unil.cloud.switch.ch/chelsa02/chelsa/global/bioclim/bio13/2011-2040/MRI-ESM2-0/ssp370/CHELSA_mri-esm2-0_ssp370_bio13_2011-2040_V.2.1.tif,454.5,2,bio13
chelsa/global/bioclim/bio13/2011-2040/UKESM1-0-LL/ssp370/CHELSA_ukesm1-0-ll_ssp370_bio13_2011-2040_V.2.1.tif,https://os.unil.cloud.switch.ch/chelsa02/chelsa/global/bioclim/bio13/2011-2040/UKESM1-0-LL/ssp370/CHELSA_ukesm1-0-ll_ssp370_bio13_2011-2040_V.2.1.tif,459.1,2,bio13
chelsa/global/bioclim/bio14/1981-2010/CHELSA_bio14_1981-2010_V.2.1.tif,https://os.unil.cloud.switch.ch/chelsa02/chelsa/global/bioclim/bio14/1981-2010/CHELSA_bio14_1981-2010_V.2.1.tif,241.3,2,bio14
chelsa/global/bioclim/bio14/2011-2040/GFDL-ESM4/ssp370/CHELSA_gfdl-esm4_ssp370_bio14_2011-2040_V.2.1.tif,https://os.unil.cloud.switch.ch/chelsa02/chelsa/global/bioclim/bio14/2011-2040/GFDL-ESM4/ssp370/CHELSA_gfdl-esm4_ssp370_bio14_2011-2040_V.2.1.tif,278.5,2,bio14
chelsa/global/bioclim/bio14/2011-2040/IPSL-CM6A-LR/ssp370/CHELSA_ipsl-cm6a-lr_ssp370_bio14_2011-2040_V.2.1.tif,https://os.unil.cloud.switch.ch/chelsa02/chelsa/global/bioclim/bio14/2011-2040/IPSL-CM6A-LR/ssp370/CHELSA_ipsl-cm6a-lr_ssp370_bio14_2011-2040_V.2.1.tif,282.0,2,bio14
chelsa/global/bioclim/bio14/2011-2040/MPI-ESM1-2-HR/ssp370/CHELSA_mpi-esm1-2-hr_ssp370_bio14_2011-2040_V.2.1.tif,https://os.unil.cloud.switch.ch/chelsa02/chelsa/global/bioclim/bio14/2011-2040/MPI-ESM1-2-HR/ssp370/CHELSA_mpi-esm1-2-hr_ssp370_bio14_2011-2040_V.2.1.tif,279.7,2,bio14
chelsa/global/bioclim/bio14/2011-2040/MRI-ESM2-0/ssp370/CHELSA_mri-esm2-0_ssp370_bio14_2011-2040_V.2.1.tif,https://os.unil.cloud.switch.ch/chelsa02/chelsa/global/bioclim/bio14/2011-2040/MRI-ESM2-0/ssp370/CHELSA_mri-esm2-0_ssp370_bio14_2011-2040_V.2.1.tif,278.7,2,bio14
chelsa/global/bioclim/bio14/2011-2040/UKESM1-0-LL/ssp370/CHELSA_ukesm1-0-ll_ssp370_bio14_2011-2040_V.2.1.tif,https://os.unil.cloud.switch.ch/chelsa02/chelsa/global/bioclim/bio14/2011-2040/UKESM1-0-LL/ssp370/CHELSA_ukesm1-0-ll_ssp370_bio14_2011-2040_V.2.1.tif,282.0,2,bio14
chelsa/global/bioclim/bio15/1981-2010/CHELSA_bio15_1981-2010_V.2.1.tif,https://os.unil.cloud.switch.ch/chelsa02/chelsa/global/bioclim/bio15/1981-2010/CHELSA_bio15_1981-2010_V.2.1.tif,250.2,2,bio15
chelsa/global/bioclim/bio15/2011-2040/GFDL-ESM4/ssp370/CHELSA_gfdl-esm4_ssp370_bio15_2011-2040_V.2.1.tif,https://os.unil.cloud.switch.ch/chelsa02/chelsa/global/bioclim/bio15/2011-2040/GFDL-ESM4/ssp370/CHELSA_gfdl-esm4_ssp370_bio15_2011-2040_V.2.1.tif,269.9,2,bio15
chelsa/global/bioclim/bio15/2011-2040/IPSL-CM6A-LR/ssp370/CHELSA_ipsl-cm6a-lr_ssp370_bio15_2011-2040_V.2.1.tif,https://os.unil.cloud.switch.ch/chelsa02/chelsa/global/bioclim/bio15/2011-2040/IPSL-CM6A-LR/ssp370/CHELSA_ipsl-cm6a-lr_ssp370_bio15_2011-2040_V.2.1.tif,273.5,2,bio15
chelsa/global/bioclim/bio15/2011-2040/MPI-ESM1-2-HR/ssp370/CHELSA_mpi-esm1-2-hr_ssp370_bio15_2011-2040_V.2.1.tif,https://os.unil.cloud.switch.ch/chelsa02/chelsa/global/bioclim/bio15/2011-2040/MPI-ESM1-2-HR/ssp370/CHELSA_mpi-esm1-2-hr_ssp370_bio15_2011-2040_V.2.1.tif,271.7,2,bio15
chelsa/global/bioclim/bio15/2011-2040/MRI-ESM2-0/ssp370/CHELSA_mri-esm2-0_ssp370_bio15_2011-2040_V.2.1.tif,https://os.unil.cloud.switch.ch/chelsa02/chelsa/global/bioclim/bio15/2011-2040/MRI-ESM2-0/ssp370/CHELSA_mri-esm2-0_ssp370_bio15_2011-2040_V.2.1.tif,270.3,2,bio15
chelsa/global/bioclim/bio15/2011-2040/UKESM1-0-LL/ssp370/CHELSA_ukesm1-0-ll_ssp370_bio15_2011-2040_V.2.1.tif,https://os.unil.cloud.switch.ch/chelsa02/chelsa/global/bioclim/bio15/2011-2040/UKESM1-0-LL/ssp370/CHELSA_ukesm1-0-ll_ssp370_bio15_2011-2040_V.2.1.tif,271.6,2,bio15
chelsa/global/bioclim/bio16/1981-2010/CHELSA_bio16_1981-2010_V.2.1.tif,https://os.unil.cloud.switch.ch/chelsa02/chelsa/global/bioclim/bio16/1981-2010/CHELSA_bio16_1981-2010_V.2.1.tif,584.6,2,bio16
chelsa/global/bioclim/bio16/2011-2040/GFDL-ESM4/ssp370/CHELSA_gfdl-esm4_ssp370_bio16_2011-2040_V.2.1.tif,https://os.unil.cloud.switch.ch/chelsa02/chelsa/global/bioclim/bio16/2011-2040/GFDL-ESM4/ssp370/CHELSA_gfdl-esm4_ssp370_bio16_2011-2040_V.2.1.tif,646.2,2,bio16
chelsa/global/bioclim/bio16/2011-2040/IPSL-CM6A-LR/ssp370/CHELSA_ipsl-cm6a-lr_ssp370_bio16_2011-2040_V.2.1.tif,https://os.unil.cloud.switch.ch/chelsa02/chelsa/global/bioclim/bio16/2011-2040/IPSL-CM6A-LR/ssp370/CHELSA_ipsl-cm6a-lr_ssp370_bio16_2011-2040_V.2.1.tif,653.2,2,bio16
chelsa/global/bioclim/bio16/2011-2040/MPI-ESM1-2-HR/ssp370/CHELSA_mpi-esm1-2-hr_ssp370_bio16_2011-2040_V.2.1.tif,https://os.unil.cloud.switch.ch/chelsa02/chelsa/global/bioclim/bio16/2011-2040/MPI-ESM1-2-HR/ssp370/CHELSA_mpi-esm1-2-hr_ssp370_bio16_2011-2040_V.2.1.tif,650.7,2,bio16
chelsa/global/bioclim/bio16/2011-2040/MRI-ESM2-0/ssp370/CHELSA_mri-esm2-0_ssp370_bio16_2011-2040_V.2.1.tif,https://os.unil.cloud.switch.ch/chelsa02/chelsa/global/bioclim/bio16/2011-2040/MRI-ESM2-0/ssp370/CHELSA_mri-esm2-0_ssp370_bio16_2011-2040_V.2.1.tif,648.2,2,bio16
chelsa/global/bioclim/bio16/2011-2040/UKESM1-0-LL/ssp370/CHELSA_ukesm1-0-ll_ssp370_bio16_2011-2040_V.2.1.tif,https://os.unil.cloud.switch.ch/chelsa02/chelsa/global/bioclim/bio16/2011-2040/UKESM1-0-LL/ssp370/CHELSA_ukesm1-0-ll_ssp370_bio16_2011-2040_V.2.1.tif,654.3,2,bio16
chelsa/global/bioclim/bio17/1981-2010/CHELSA_bio17_1981-2010_V.2.1.tif,https://os.unil.cloud.switch.ch/chelsa02/chelsa/global/bioclim/bio17/1981-2010/CHELSA_bio17_1981-2010_V.2.1.tif,430.5,2,bio17
chelsa/global/bioclim/bio17/2011-2040/GFDL-ESM4/ssp370/CHELSA_gfdl-esm4_ssp370_bio17_2011-2040_V.2.1.tif,https://os.unil.cloud.switch.ch/chelsa02/chelsa/global/bioclim/bio17/2011-2040/GFDL-ESM4/ssp370/CHELSA_gfdl-esm4_ssp370_bio17_2011-2040_V.2.1.tif,477.5,2,bio17
chelsa/global/bioclim/bio17/2011-2040/IPSL-CM6A-LR/ssp370/CHELSA_ipsl-cm6a-lr_ssp370_bio17_2011-2040_V.2.1.tif,https://os.unil.cloud.switch.ch/chelsa02/chelsa/global/bioclim/bio17/2011-2040/IPSL-CM6A-LR/ssp370/CHELSA_ipsl-cm6a-lr_ssp370_bio17_2011-2040_V.2.1.tif,482.4,2,bio17
chelsa/global/bioclim/bio17/2011-2040/MPI-ESM1-2-HR/ssp370/CHELSA_mpi-esm1-2-hr_ssp370_bio17_2011-2040_V.2.1.tif,https://os.unil.cloud.switch.ch/chelsa02/chelsa/global/bioclim/bio17/2011-2040/MPI-ESM1-2-HR/ssp370/CHELSA_mpi-esm1-2-hr_ssp370_bio17_2011-2040_V.2.1.tif,479.9,2,bio17
chelsa/global/bioclim/bio17/2011-2040/MRI-ESM2-0/ssp370/CHELSA_mri-esm2-0_ssp370_bio17_2011-2040_V.2.1.tif,https://os.unil.cloud.switch.ch/chelsa02/chelsa/global/bioclim/bio17/2011-2040/MRI-ESM2-0/ssp370/CHELSA_mri-esm2-0_ssp370_bio17_2011-2040_V.2.1.tif,477.9,2,bio17
chelsa/global/bioclim/bio17/2011-2040/UKESM1-0-LL/ssp370/CHELSA_ukesm1-0-ll_ssp370_bio17_2011-2040_V.2.1.tif,https://os.unil.cloud.switch.ch/chelsa02/chelsa/global/bioclim/bio17/2011-2040/UKESM1-0-LL/ssp370/CHELSA_ukesm1-0-ll_ssp370_bio17_2011-2040_V.2.1.tif,482.8,2,bio17
chelsa/global/bioclim/bio18/1981-2010/CHELSA_bio18_1981-2010_V.2.1.tif,https://os.unil.cloud.switch.ch/chelsa02/chelsa/global/bioclim/bio18/1981-2010/CHELSA_bio18_1981-2010_V.2.1.tif,549.2,2,bio18
chelsa/global/bioclim/bio18/2011-2040/GFDL-ESM4/ssp370/CHELSA_gfdl-esm4_ssp370_bio18_2011-2040_V.2.1.tif,https://os.unil.cloud.switch.ch/chelsa02/chelsa/global/bioclim/bio18/2011-2040/GFDL-ESM4/ssp370/CHELSA_gfdl-esm4_ssp370_bio18_2011-2040_V.2.1.tif,607.6,2,bio18
chelsa/global/bioclim/bio18/2011-2040/IPSL-CM6A-LR/ssp370/CHELSA_ipsl-cm6a-lr_ssp370_bio18_2011-2040_V.2.1.tif,https://os.unil.cloud.switch.ch/chelsa02/chelsa/global/bioclim/bio18/2011-2040/IPSL-CM6A-LR/ssp370/CHELSA_ipsl-cm6a-lr_ssp370_bio18_2011-2040_V.2.1.tif,612.5,2,bio18
chelsa/global/bioclim/bio18/2011-2040/MPI-ESM1-2-HR/ssp370/CHELSA_mpi-esm1-2-hr_ssp370_bio18_2011-2040_V.2.1.tif,https://os.unil.cloud.switch.ch/chelsa02/chelsa/global/bioclim/bio18/2011-2040/MPI-ESM1-2-HR/ssp370/CHELSA_mpi-esm1-2-hr_ssp370_bio18_2011-2040_V.2.1.tif,612.0,2,bio18
chelsa/global/bioclim/bio18/2011-2040/MRI-ESM2-0/ssp370/CHELSA_mri-esm2-0_ssp370_bio18_2011-2040_V.2.1.tif,https://os.unil.cloud.switch.ch/chelsa02/chelsa/global/bioclim/bio18/2011-2040/MRI-ESM2-0/ssp370/CHELSA_mri-esm2-0_ssp370_bio18_2011-2040_V.2.1.tif,609.0,2,bio18
chelsa/global/bioclim/bio18/2011-2040/UKESM1-0-LL/ssp370/CHELSA_ukesm1-0-ll_ssp370_bio18_2011-2040_V.2.1.tif,https://os.unil.cloud.switch.ch/chelsa02/chelsa/global/bioclim/bio18/2011-2040/UKESM1-0-LL/ssp370/CHELSA_ukesm1-0-ll_ssp370_bio18_2011-2040_V.2.1.tif,614.5,2,bio18
chelsa/global/bioclim/bio19/1981-2010/CHELSA_bio19_1981-2010_V.2.1.tif,https://os.unil.cloud.switch.ch/chelsa02/chelsa/global/bioclim/bio19/1981-2010/CHELSA_bio19_1981-2010_V.2.1.tif,496.7,2,bio19
chelsa/global/bioclim/bio19/2011-2040/GFDL-ESM4/ssp370/CHELSA_gfdl-esm4_ssp370_bio19_2011-2040_V.2.1.tif,https://os.unil.cloud.switch.ch/chelsa02/chelsa/global/bioclim/bio19/2011-2040/GFDL-ESM4/ssp370/CHELSA_gfdl-esm4_ssp370_bio19_2011-2040_V.2.1.tif,552.4,2,bio19
chelsa/global/bioclim/bio19/2011-2040/IPSL-CM6A-LR/ssp370/CHELSA_ipsl-cm6a-lr_ssp370_bio19_2011-2040_V.2.1.tif,https://os.unil.cloud.switch.ch/chelsa02/chelsa/global/bioclim/bio19/2011-2040/IPSL-CM6A-LR/ssp370/CHELSA_ipsl-cm6a-lr_ssp370_bio19_2011-2040_V.2.1.tif,557.8,2,bio19
chelsa/global/bioclim/bio19/2011-2040/MPI-ESM1-2-HR/ssp370/CHELSA_mpi-esm1-2-hr_ssp370_bio19_2011-2040_V.2.1.tif,https://os.unil.cloud.switch.ch/chelsa02/chelsa/global/bioclim/bio19/2011-2040/MPI-ESM1-2-HR/ssp370/CHELSA_mpi-esm1-2-hr_ssp370_bio19_2011-2040_V.2.1.tif,554.8,2,bio19
chelsa/global/bioclim/bio19/2011-2040/MRI-ESM2-0/ssp370/CHELSA_mri-esm2-0_ssp370_bio19_2011-2040_V.2.1.tif,https://os.unil.cloud.switch.ch/chelsa02/chelsa/global/bioclim/bio19/2011-2040/MRI-ESM2-0/ssp370/CHELSA_mri-esm2-0_ssp370_bio19_2011-2040_V.2.1.tif,552.4,2,bio19
chelsa/global/bioclim/bio19/2011-2040/UKESM1-0-LL/ssp370/CHELSA_ukesm1-0-ll_ssp370_bio19_2011-2040_V.2.1.tif,https://os.unil.cloud.switch.ch/chelsa02/chelsa/global/bioclim/bio19/2011-2040/UKESM1-0-LL/ssp370/CHELSA_ukesm1-0-ll_ssp370_bio19_2011-2040_V.2.1.tif,558.9,2,bio19
chelsa/global/bioclim/fcf/1981-2010/CHELSA_fcf_1981-2010_V.2.1.tif,https://os.unil.cloud.switch.ch/chelsa02/chelsa/global/bioclim/fcf/1981-2010/CHELSA_fcf_1981-2010_V.2.1.tif,93.6,2,fcf
chelsa/global/bioclim/fcf/2011-2040/GFDL-ESM4/ssp370/CHELSA_gfdl-esm4_ssp370_fcf_2011-2040_V.2.1.tif,https://os.unil.cloud.switch.ch/chelsa02/chelsa/global/bioclim/fcf/2011-2040/GFDL-ESM4/ssp370/CHELSA_gfdl-esm4_ssp370_fcf_2011-2040_V.2.1.tif,97.4,2,fcf
chelsa/global/bioclim/fcf/2011-2040/IPSL-CM6A-LR/ssp370/CHELSA_ipsl-cm6a-lr_ssp370_fcf_2011-2040_V.2.1.tif,https://os.unil.cloud.switch.ch/chelsa02/chelsa/global/bioclim/fcf/2011-2040/IPSL-CM6A-LR/ssp370/CHELSA_ipsl-cm6a-lr_ssp370_fcf_2011-2040_V.2.1.tif,96.8,2,fcf
chelsa/global/bioclim/fcf/2011-2040/MPI-ESM1-2-HR/ssp370/CHELSA_mpi-esm1-2-hr_ssp370_fcf_2011-2040_V.2.1.tif,https://os.unil.cloud.switch.ch/chelsa02/chelsa/global/bioclim/fcf/2011-2040/MPI-ESM1-2-HR/ssp370/CHELSA_mpi-esm1-2-hr_ssp370_fcf_2011-2040_V.2.1.tif,97.8,2,fcf
chelsa/global/bioclim/fcf/2011-2040/MRI-ESM2-0/ssp370/CHELSA_mri-esm2-0_ssp370_fcf_2011-2040_V.2.1.tif,https://os.unil.cloud.switch.ch/chelsa02/chelsa/global/bioclim/fcf/2011-2040/MRI-ESM2-0/ssp370/CHELSA_mri-esm2-0_ssp370_fcf_2011-2040_V.2.1.tif,95.8,2,fcf
chelsa/global/bioclim/fcf/2011-2040/UKESM1-0-LL/ssp370/CHELSA_ukesm1-0-ll_ssp370_fcf_2011-2040_V.2.1.tif,https://os.unil.cloud.switch.ch/chelsa02/chelsa/global/bioclim/fcf/2011-2040/UKESM1-0-LL/ssp370/CHELSA_ukesm1-0-ll_ssp370_fcf_2011-2040_V.2.1.tif,97.6,2,fcf
chelsa/global/bioclim/fgd/1981-2010/CHELSA_fgd_1981-2010_V.2.1.tif,https://os.unil.cloud.switch.ch/chelsa02/chelsa/global/bioclim/fgd/1981-2010/CHELSA_fgd_1981-2010_V.2.1.tif,85.8,2,fgd
chelsa/global/bioclim/fgd/2011-2040/GFDL-ESM4/ssp370/CHELSA_gfdl-esm4_ssp370_fgd_2011-2040_V.2.1.tif,https://os.unil.cloud.switch.ch/chelsa02/chelsa/global/bioclim/fgd/2011-2040/GFDL-ESM4/ssp370/CHELSA_gfdl-esm4_ssp370_fgd_2011-2040_V.2.1.tif,87.8,2,fgd
chelsa/global/bioclim/fgd/2011-2040/IPSL-CM6A-LR/ssp370/CHELSA_ipsl-cm6a-lr_ssp370_fgd_2011-2040_V.2.1.tif,https://os.unil.cloud.switch.ch/chelsa02/chelsa/global/bioclim/fgd/2011-2040/IPSL-CM6A-LR/ssp370/CHELSA_ipsl-cm6a-lr_ssp370_fgd_2011-2040_V.2.1.tif,87.6,2,fgd
chelsa/global/bioclim/fgd/2011-2040/MPI-ESM1-2-HR/ssp370/CHELSA_mpi-esm1-2-hr_ssp370_fgd_2011-2040_V.2.1.tif,https://os.unil.cloud.switch.ch/chelsa02/chelsa/global/bioclim/fgd/2011-2040/MPI-ESM1-2-HR/ssp370/CHELSA_mpi-esm1-2-hr_ssp370_fgd_2011-2040_V.2.1.tif,88.1,2,fgd
chelsa/global/bioclim/fgd/2011-2040/MRI-ESM2-0/ssp370/CHELSA_mri-esm2-0_ssp370_fgd_2011-2040_V.2.1.tif,https://os.unil.cloud.switch.ch/chelsa02/chelsa/global/bioclim/fgd/2011-2040/MRI-ESM2-0/ssp370/CHELSA_mri-esm2-0_ssp370_fgd_2011-2040_V.2.1.tif,88.0,2,fgd
chelsa/global/bioclim/fgd/2011-2040/UKESM1-0-LL/ssp370/CHELSA_ukesm1-0-ll_ssp370_fgd_2011-2040_V.2.1.tif,https://os.unil.cloud.switch.ch/chelsa02/chelsa/global/bioclim/fgd/2011-2040/UKESM1-0-LL/ssp370/CHELSA_ukesm1-0-ll_ssp370_fgd_2011-2040_V.2.1.tif,89.0,2,fgd
chelsa/global/bioclim/scd/1981-2010/CHELSA_scd_1981-2010_V.2.1.tif,https://os.unil.cloud.switch.ch/chelsa02/chelsa/global/bioclim/scd/1981-2010/CHELSA_scd_1981-2010_V.2.1.tif,77.4,2,scd
chelsa/global/bioclim/scd/2011-2040/GFDL-ESM4/ssp370/CHELSA_gfdl-esm4_ssp370_scd_2011-2040_V.2.1.tif,https://os.unil.cloud.switch.ch/chelsa02/chelsa/global/bioclim/scd/2011-2040/GFDL-ESM4/ssp370/CHELSA_gfdl-esm4_ssp370_scd_2011-2040_V.2.1.tif,78.2,2,scd
chelsa/global/bioclim/scd/2011-2040/IPSL-CM6A-LR/ssp370/CHELSA_ipsl-cm6a-lr_ssp370_scd_2011-2040_V.2.1.tif,https://os.unil.cloud.switch.ch/chelsa02/chelsa/global/bioclim/scd/2011-2040/IPSL-CM6A-LR/ssp370/CHELSA_ipsl-cm6a-lr_ssp370_scd_2011-2040_V.2.1.tif,77.9,2,scd
chelsa/global/bioclim/scd/2011-2040/MPI-ESM1-2-HR/ssp370/CHELSA_mpi-esm1-2-hr_ssp370_scd_2011-2040_V.2.1.tif,https://os.unil.cloud.switch.ch/chelsa02/chelsa/global/bioclim/scd/2011-2040/MPI-ESM1-2-HR/ssp370/CHELSA_mpi-esm1-2-hr_ssp370_scd_2011-2040_V.2.1.tif,78.4,2,scd
chelsa/global/bioclim/scd/2011-2040/MRI-ESM2-0/ssp370/CHELSA_mri-esm2-0_ssp370_scd_2011-2040_V.2.1.tif,https://os.unil.cloud.switch.ch/chelsa02/chelsa/global/bioclim/scd/2011-2040/MRI-ESM2-0/ssp370/CHELSA_mri-esm2-0_ssp370_scd_2011-2040_V.2.1.tif,77.5,2,scd
chelsa/global/bioclim/scd/2011-2040/UKESM1-0-LL/ssp370/CHELSA_ukesm1-0-ll_ssp370_scd_2011-2040_V.2.1.tif,https://os.unil.cloud.switch.ch/chelsa02/chelsa/global/bioclim/scd/2011-2040/UKESM1-0-LL/ssp370/CHELSA_ukesm1-0-ll_ssp370_scd_2011-2040_V.2.1.tif,78.9,2,scd
chelsa/global/climatologies/pr/2011-2040/GFDL-ESM4/ssp370/CHELSA_gfdl-esm4_r1i1p1f1_w5e5_ssp370_pr_07_2011-2040_V.2.1.tif,https://os.unil.cloud.switch.ch/chelsa02/chelsa/global/climatologies/pr/2011-2040/GFDL-ESM4/ssp370/CHELSA_gfdl-esm4_r1i1p1f1_w5e5_ssp370_pr_07_2011-2040_V.2.1.tif,381.8,1,pr
chelsa/global/climatologies/pr/2011-2040/GFDL-ESM4/ssp370/CHELSA_gfdl-esm4_r1i1p1f1_w5e5_ssp370_pr_08_2011-2040_V.2.1.tif,https://os.unil.cloud.switch.ch/chelsa02/chelsa/global/climatologies/pr/2011-2040/GFDL-ESM4/ssp370/CHELSA_gfdl-esm4_r1i1p1f1_w5e5_ssp370_pr_08_2011-2040_V.2.1.tif,381.6,1,pr
chelsa/global/climatologies/pr/2011-2040/IPSL-CM6A-LR/ssp370/CHELSA_ipsl-cm6a-lr_r1i1p1f1_w5e5_ssp370_pr_07_2011-2040_V.2.1.tif,https://os.unil.cloud.switch.ch/chelsa02/chelsa/global/climatologies/pr/2011-2040/IPSL-CM6A-LR/ssp370/CHELSA_ipsl-cm6a-lr_r1i1p1f1_w5e5_ssp370_pr_07_2011-2040_V.2.1.tif,387.0,1,pr
chelsa/global/climatologies/pr/2011-2040/IPSL-CM6A-LR/ssp370/CHELSA_ipsl-cm6a-lr_r1i1p1f1_w5e5_ssp370_pr_08_2011-2040_V.2.1.tif,https://os.unil.cloud.switch.ch/chelsa02/chelsa/global/climatologies/pr/2011-2040/IPSL-CM6A-LR/ssp370/CHELSA_ipsl-cm6a-lr_r1i1p1f1_w5e5_ssp370_pr_08_2011-2040_V.2.1.tif,386.4,1,pr
chelsa/global/climatologies/pr/2011-2040/MPI-ESM1-2-HR/ssp370/CHELSA_mpi-esm1-2-hr_r1i1p1f1_w5e5_ssp370_pr_07_2011-2040_V.2.1.tif,https://os.unil.cloud.switch.ch/chelsa02/chelsa/global/climatologies/pr/2011-2040/MPI-ESM1-2-HR/ssp370/CHELSA_mpi-esm1-2-hr_r1i1p1f1_w5e5_ssp370_pr_07_2011-2040_V.2.1.tif,384.3,1,pr
chelsa/global/climatologies/pr/2011-2040/MPI-ESM1-2-HR/ssp370/CHELSA_mpi-esm1-2-hr_r1i1p1f1_w5e5_ssp370_pr_08_2011-2040_V.2.1.tif,https://os.unil.cloud.switch.ch/chelsa02/chelsa/global/climatologies/pr/2011-2040/MPI-ESM1-2-HR/ssp370/CHELSA_mpi-esm1-2-hr_r1i1p1f1_w5e5_ssp370_pr_08_2011-2040_V.2.1.tif,383.5,1,pr
chelsa/global/climatologies/pr/2011-2040/MRI-ESM2-0/ssp370/CHELSA_mri-esm2-0_r1i1p1f1_w5e5_ssp370_pr_07_2011-2040_V.2.1.tif,https://os.unil.cloud.switch.ch/chelsa02/chelsa/global/climatologies/pr/2011-2040/MRI-ESM2-0/ssp370/CHELSA_mri-esm2-0_r1i1p1f1_w5e5_ssp370_pr_07_2011-2040_V.2.1.tif,383.4,1,pr
chelsa/global/climatologies/pr/2011-2040/MRI-ESM2-0/ssp370/CHELSA_mri-esm2-0_r1i1p1f1_w5e5_ssp370_pr_08_2011-2040_V.2.1.tif,https://os.unil.cloud.switch.ch/chelsa02/chelsa/global/climatologies/pr/2011-2040/MRI-ESM2-0/ssp370/CHELSA_mri-esm2-0_r1i1p1f1_w5e5_ssp370_pr_08_2011-2040_V.2.1.tif,382.6,1,pr
chelsa/global/climatologies/pr/2011-2040/UKESM1-0-LL/ssp370/CHELSA_ukesm1-0-ll_r1i1p1f1_w5e5_ssp370_pr_07_2011-2040_V.2.1.tif,https://os.unil.cloud.switch.ch/chelsa02/chelsa/global/climatologies/pr/2011-2040/UKESM1-0-LL/ssp370/CHELSA_ukesm1-0-ll_r1i1p1f1_w5e5_ssp370_pr_07_2011-2040_V.2.1.tif,385.7,1,pr
chelsa/global/climatologies/pr/2011-2040/UKESM1-0-LL/ssp370/CHELSA_ukesm1-0-ll_r1i1p1f1_w5e5_ssp370_pr_08_2011-2040_V.2.1.tif,https://os.unil.cloud.switch.ch/chelsa02/chelsa/global/climatologies/pr/2011-2040/UKESM1-0-LL/ssp370/CHELSA_ukesm1-0-ll_r1i1p1f1_w5e5_ssp370_pr_08_2011-2040_V.2.1.tif,386.2,1,pr
chelsa/global/climatologies/tas/2011-2040/GFDL-ESM4/ssp370/CHELSA_gfdl-esm4_r1i1p1f1_w5e5_ssp370_tas_07_2011-2040_V.2.1.tif,https://os.unil.cloud.switch.ch/chelsa02/chelsa/global/climatologies/tas/2011-2040/GFDL-ESM4/ssp370/CHELSA_gfdl-esm4_r1i1p1f1_w5e5_ssp370_tas_07_2011-2040_V.2.1.tif,171.8,1,tas
chelsa/global/climatologies/tas/2011-2040/GFDL-ESM4/ssp370/CHELSA_gfdl-esm4_r1i1p1f1_w5e5_ssp370_tas_08_2011-2040_V.2.1.tif,https://os.unil.cloud.switch.ch/chelsa02/chelsa/global/climatologies/tas/2011-2040/GFDL-ESM4/ssp370/CHELSA_gfdl-esm4_r1i1p1f1_w5e5_ssp370_tas_08_2011-2040_V.2.1.tif,170.8,1,tas
chelsa/global/climatologies/tas/2011-2040/IPSL-CM6A-LR/ssp370/CHELSA_ipsl-cm6a-lr_r1i1p1f1_w5e5_ssp370_tas_07_2011-2040_V.2.1.tif,https://os.unil.cloud.switch.ch/chelsa02/chelsa/global/climatologies/tas/2011-2040/IPSL-CM6A-LR/ssp370/CHELSA_ipsl-cm6a-lr_r1i1p1f1_w5e5_ssp370_tas_07_2011-2040_V.2.1.tif,172.0,1,tas
chelsa/global/climatologies/tas/2011-2040/IPSL-CM6A-LR/ssp370/CHELSA_ipsl-cm6a-lr_r1i1p1f1_w5e5_ssp370_tas_08_2011-2040_V.2.1.tif,https://os.unil.cloud.switch.ch/chelsa02/chelsa/global/climatologies/tas/2011-2040/IPSL-CM6A-LR/ssp370/CHELSA_ipsl-cm6a-lr_r1i1p1f1_w5e5_ssp370_tas_08_2011-2040_V.2.1.tif,170.8,1,tas
chelsa/global/climatologies/tas/2011-2040/MPI-ESM1-2-HR/ssp370/CHELSA_mpi-esm1-2-hr_r1i1p1f1_w5e5_ssp370_tas_07_2011-2040_V.2.1.tif,https://os.unil.cloud.switch.ch/chelsa02/chelsa/global/climatologies/tas/2011-2040/MPI-ESM1-2-HR/ssp370/CHELSA_mpi-esm1-2-hr_r1i1p1f1_w5e5_ssp370_tas_07_2011-2040_V.2.1.tif,172.2,1,tas
chelsa/global/climatologies/tas/2011-2040/MPI-ESM1-2-HR/ssp370/CHELSA_mpi-esm1-2-hr_r1i1p1f1_w5e5_ssp370_tas_08_2011-2040_V.2.1.tif,https://os.unil.cloud.switch.ch/chelsa02/chelsa/global/climatologies/tas/2011-2040/MPI-ESM1-2-HR/ssp370/CHELSA_mpi-esm1-2-hr_r1i1p1f1_w5e5_ssp370_tas_08_2011-2040_V.2.1.tif,171.3,1,tas
chelsa/global/climatologies/tas/2011-2040/MRI-ESM2-0/ssp370/CHELSA_mri-esm2-0_r1i1p1f1_w5e5_ssp370_tas_07_2011-2040_V.2.1.tif,https://os.unil.cloud.switch.ch/chelsa02/chelsa/global/climatologies/tas/2011-2040/MRI-ESM2-0/ssp370/CHELSA_mri-esm2-0_r1i1p1f1_w5e5_ssp370_tas_07_2011-2040_V.2.1.tif,170.8,1,tas
chelsa/global/climatologies/tas/2011-2040/MRI-ESM2-0/ssp370/CHELSA_mri-esm2-0_r1i1p1f1_w5e5_ssp370_tas_08_2011-2040_V.2.1.tif,https://os.unil.cloud.switch.ch/chelsa02/chelsa/global/climatologies/tas/2011-2040/MRI-ESM2-0/ssp370/CHELSA_mri-esm2-0_r1i1p1f1_w5e5_ssp370_tas_08_2011-2040_V.2.1.tif,169.7,1,tas
chelsa/global/climatologies/tas/2011-2040/UKESM1-0-LL/ssp370/CHELSA_ukesm1-0-ll_r1i1p1f1_w5e5_ssp370_tas_07_2011-2040_V.2.1.tif,https://os.unil.cloud.switch.ch/chelsa02/chelsa/global/climatologies/tas/2011-2040/UKESM1-0-LL/ssp370/CHELSA_ukesm1-0-ll_r1i1p1f1_w5e5_ssp370_tas_07_2011-2040_V.2.1.tif,172.5,1,tas
chelsa/global/climatologies/tas/2011-2040/UKESM1-0-LL/ssp370/CHELSA_ukesm1-0-ll_r1i1p1f1_w5e5_ssp370_tas_08_2011-2040_V.2.1.tif,https://os.unil.cloud.switch.ch/chelsa02/chelsa/global/climatologies/tas/2011-2040/UKESM1-0-LL/ssp370/CHELSA_ukesm1-0-ll_r1i1p1f1_w5e5_ssp370_tas_08_2011-2040_V.2.1.tif,171.5,1,tas
chelsa/global/climatologies/tasmax/2011-2040/GFDL-ESM4/ssp370/CHELSA_gfdl-esm4_r1i1p1f1_w5e5_ssp370_tasmax_07_2011-2040_V.2.1.tif,https://os.unil.cloud.switch.ch/chelsa02/chelsa/global/climatologies/tasmax/2011-2040/GFDL-ESM4/ssp370/CHELSA_gfdl-esm4_r1i1p1f1_w5e5_ssp370_tasmax_07_2011-2040_V.2.1.tif,175.7,1,tasmax
chelsa/global/climatologies/tasmax/2011-2040/GFDL-ESM4/ssp370/CHELSA_gfdl-esm4_r1i1p1f1_w5e5_ssp370_tasmax_08_2011-2040_V.2.1.tif,https://os.unil.cloud.switch.ch/chelsa02/chelsa/global/climatologies/tasmax/2011-2040/GFDL-ESM4/ssp370/CHELSA_gfdl-esm4_r1i1p1f1_w5e5_ssp370_tasmax_08_2011-2040_V.2.1.tif,174.8,1,tasmax
chelsa/global/climatologies/tasmax/2011-2040/IPSL-CM6A-LR/ssp370/CHELSA_ipsl-cm6a-lr_r1i1p1f1_w5e5_ssp370_tasmax_07_2011-2040_V.2.1.tif,https://os.unil.cloud.switch.ch/chelsa02/chelsa/global/climatologies/tasmax/2011-2040/IPSL-CM6A-LR/ssp370/CHELSA_ipsl-cm6a-lr_r1i1p1f1_w5e5_ssp370_tasmax_07_2011-2040_V.2.1.tif,175.7,1,tasmax
chelsa/global/climatologies/tasmax/2011-2040/IPSL-CM6A-LR/ssp370/CHELSA_ipsl-cm6a-lr_r1i1p1f1_w5e5_ssp370_tasmax_08_2011-2040_V.2.1.tif,https://os.unil.cloud.switch.ch/chelsa02/chelsa/global/climatologies/tasmax/2011-2040/IPSL-CM6A-LR/ssp370/CHELSA_ipsl-cm6a-lr_r1i1p1f1_w5e5_ssp370_tasmax_08_2011-2040_V.2.1.tif,174.5,1,tasmax
chelsa/global/climatologies/tasmax/2011-2040/MPI-ESM1-2-HR/ssp370/CHELSA_mpi-esm1-2-hr_r1i1p1f1_w5e5_ssp370_tasmax_07_2011-2040_V.2.1.tif,https://os.unil.cloud.switch.ch/chelsa02/chelsa/global/climatologies/tasmax/2011-2040/MPI-ESM1-2-HR/ssp370/CHELSA_mpi-esm1-2-hr_r1i1p1f1_w5e5_ssp370_tasmax_07_2011-2040_V.2.1.tif,176.1,1,tasmax
chelsa/global/climatologies/tasmax/2011-2040/MPI-ESM1-2-HR/ssp370/CHELSA_mpi-esm1-2-hr_r1i1p1f1_w5e5_ssp370_tasmax_08_2011-2040_V.2.1.tif,https://os.unil.cloud.switch.ch/chelsa02/chelsa/global/climatologies/tasmax/2011-2040/MPI-ESM1-2-HR/ssp370/CHELSA_mpi-esm1-2-hr_r1i1p1f1_w5e5_ssp370_tasmax_08_2011-2040_V.2.1.tif,175.3,1,tasmax
chelsa/global/climatologies/tasmax/2011-2040/MRI-ESM2-0/ssp370/CHELSA_mri-esm2-0_r1i1p1f1_w5e5_ssp370_tasmax_07_2011-2040_V.2.1.tif,https://os.unil.cloud.switch.ch/chelsa02/chelsa/global/climatologies/tasmax/2011-2040/MRI-ESM2-0/ssp370/CHELSA_mri-esm2-0_r1i1p1f1_w5e5_ssp370_tasmax_07_2011-2040_V.2.1.tif,174.8,1,tasmax
chelsa/global/climatologies/tasmax/2011-2040/MRI-ESM2-0/ssp370/CHELSA_mri-esm2-0_r1i1p1f1_w5e5_ssp370_tasmax_08_2011-2040_V.2.1.tif,https://os.unil.cloud.switch.ch/chelsa02/chelsa/global/climatologies/tasmax/2011-2040/MRI-ESM2-0/ssp370/CHELSA_mri-esm2-0_r1i1p1f1_w5e5_ssp370_tasmax_08_2011-2040_V.2.1.tif,173.7,1,tasmax
chelsa/global/climatologies/tasmax/2011-2040/UKESM1-0-LL/ssp370/CHELSA_ukesm1-0-ll_r1i1p1f1_w5e5_ssp370_tasmax_07_2011-2040_V.2.1.tif,https://os.unil.cloud.switch.ch/chelsa02/chelsa/global/climatologies/tasmax/2011-2040/UKESM1-0-LL/ssp370/CHELSA_ukesm1-0-ll_r1i1p1f1_w5e5_ssp370_tasmax_07_2011-2040_V.2.1.tif,176.2,1,tasmax
chelsa/global/climatologies/tasmax/2011-2040/UKESM1-0-LL/ssp370/CHELSA_ukesm1-0-ll_r1i1p1f1_w5e5_ssp370_tasmax_08_2011-2040_V.2.1.tif,https://os.unil.cloud.switch.ch/chelsa02/chelsa/global/climatologies/tasmax/2011-2040/UKESM1-0-LL/ssp370/CHELSA_ukesm1-0-ll_r1i1p1f1_w5e5_ssp370_tasmax_08_2011-2040_V.2.1.tif,175.3,1,tasmax
chelsa/global/climatologies/tasmin/2011-2040/GFDL-ESM4/ssp370/CHELSA_gfdl-esm4_r1i1p1f1_w5e5_ssp370_tasmin_07_2011-2040_V.2.1.tif,https://os.unil.cloud.switch.ch/chelsa02/chelsa/global/climatologies/tasmin/2011-2040/GFDL-ESM4/ssp370/CHELSA_gfdl-esm4_r1i1p1f1_w5e5_ssp370_tasmin_07_2011-2040_V.2.1.tif,174.0,1,tasmin
chelsa/global/climatologies/tasmin/2011-2040/GFDL-ESM4/ssp370/CHELSA_gfdl-esm4_r1i1p1f1_w5e5_ssp370_tasmin_08_2011-2040_V.2.1.tif,https://os.unil.cloud.switch.ch/chelsa02/chelsa/global/climatologies/tasmin/2011-2040/GFDL-ESM4/ssp370/CHELSA_gfdl-esm4_r1i1p1f1_w5e5_ssp370_tasmin_08_2011-2040_V.2.1.tif,173.4,1,tasmin
chelsa/global/climatologies/tasmin/2011-2040/IPSL-CM6A-LR/ssp370/CHELSA_ipsl-cm6a-lr_r1i1p1f1_w5e5_ssp370_tasmin_07_2011-2040_V.2.1.tif,https://os.unil.cloud.switch.ch/chelsa02/chelsa/global/climatologies/tasmin/2011-2040/IPSL-CM6A-LR/ssp370/CHELSA_ipsl-cm6a-lr_r1i1p1f1_w5e5_ssp370_tasmin_07_2011-2040_V.2.1.tif,174.8,1,tasmin
chelsa/global/climatologies/tasmin/2011-2040/IPSL-CM6A-LR/ssp370/CHELSA_ipsl-cm6a-lr_r1i1p1f1_w5e5_ssp370_tasmin_08_2011-2040_V.2.1.tif,https://os.unil.cloud.switch.ch/chelsa02/chelsa/global/climatologies/tasmin/2011-2040/IPSL-CM6A-LR/ssp370/CHELSA_ipsl-cm6a-lr_r1i1p1f1_w5e5_ssp370_tasmin_08_2011-2040_V.2.1.tif,174.1,1,tasmin
chelsa/global/climatologies/tasmin/2011-2040/MPI-ESM1-2-HR/ssp370/CHELSA_mpi-esm1-2-hr_r1i1p1f1_w5e5_ssp370_tasmin_07_2011-2040_V.2.1.tif,https://os.unil.cloud.switch.ch/chelsa02/chelsa/global/climatologies/tasmin/2011-2040/MPI-ESM1-2-HR/ssp370/CHELSA_mpi-esm1-2-hr_r1i1p1f1_w5e5_ssp370_tasmin_07_2011-2040_V.2.1.tif,174.7,1,tasmin
chelsa/global/climatologies/tasmin/2011-2040/MPI-ESM1-2-HR/ssp370/CHELSA_mpi-esm1-2-hr_r1i1p1f1_w5e5_ssp370_tasmin_08_2011-2040_V.2.1.tif,https://os.unil.cloud.switch.ch/chelsa02/chelsa/global/climatologies/tasmin/2011-2040/MPI-ESM1-2-HR/ssp370/CHELSA_mpi-esm1-2-hr_r1i1p1f1_w5e5_ssp370_tasmin_08_2011-2040_V.2.1.tif,174.3,1,tasmin
chelsa/global/climatologies/tasmin/2011-2040/MRI-ESM2-0/ssp370/CHELSA_mri-esm2-0_r1i1p1f1_w5e5_ssp370_tasmin_07_2011-2040_V.2.1.tif,https://os.unil.cloud.switch.ch/chelsa02/chelsa/global/climatologies/tasmin/2011-2040/MRI-ESM2-0/ssp370/CHELSA_mri-esm2-0_r1i1p1f1_w5e5_ssp370_tasmin_07_2011-2040_V.2.1.tif,173.3,1,tasmin
chelsa/global/climatologies/tasmin/2011-2040/MRI-ESM2-0/ssp370/CHELSA_mri-esm2-0_r1i1p1f1_w5e5_ssp370_tasmin_08_2011-2040_V.2.1.tif,https://os.unil.cloud.switch.ch/chelsa02/chelsa/global/climatologies/tasmin/2011-2040/MRI-ESM2-0/ssp370/CHELSA_mri-esm2-0_r1i1p1f1_w5e5_ssp370_tasmin_08_2011-2040_V.2.1.tif,172.8,1,tasmin
chelsa/global/climatologies/tasmin/2011-2040/UKESM1-0-LL/ssp370/CHELSA_ukesm1-0-ll_r1i1p1f1_w5e5_ssp370_tasmin_07_2011-2040_V.2.1.tif,https://os.unil.cloud.switch.ch/chelsa02/chelsa/global/climatologies/tasmin/2011-2040/UKESM1-0-LL/ssp370/CHELSA_ukesm1-0-ll_r1i1p1f1_w5e5_ssp370_tasmin_07_2011-2040_V.2.1.tif,175.4,1,tasmin
chelsa/global/climatologies/tasmin/2011-2040/UKESM1-0-LL/ssp370/CHELSA_ukesm1-0-ll_r1i1p1f1_w5e5_ssp370_tasmin_08_2011-2040_V.2.1.tif,https://os.unil.cloud.switch.ch/chelsa02/chelsa/global/climatologies/tasmin/2011-2040/UKESM1-0-LL/ssp370/CHELSA_ukesm1-0-ll_r1i1p1f1_w5e5_ssp370_tasmin_08_2011-2040_V.2.1.tif,174.9,1,tasmin
chelsa/global/monthly/clt/2017/CHELSA_clt_07_2017_V.2.1.tif,https://os.unil.cloud.switch.ch/chelsa02/chelsa/global/monthly/clt/2017/CHELSA_clt_07_2017_V.2.1.tif,90.5,1,clt
chelsa/global/monthly/clt/2017/CHELSA_clt_08_2017_V.2.1.tif,https://os.unil.cloud.switch.ch/chelsa02/chelsa/global/monthly/clt/2017/CHELSA_clt_08_2017_V.2.1.tif,91.3,1,clt
chelsa/global/monthly/clt/2018/CHELSA_clt_07_2018_V.2.1.tif,https://os.unil.cloud.switch.ch/chelsa02/chelsa/global/monthly/clt/2018/CHELSA_clt_07_2018_V.2.1.tif,91.0,1,clt
chelsa/global/monthly/clt/2018/CHELSA_clt_08_2018_V.2.1.tif,https://os.unil.cloud.switch.ch/chelsa02/chelsa/global/monthly/clt/2018/CHELSA_clt_08_2018_V.2.1.tif,90.9,1,clt
chelsa/global/monthly/clt/2019/CHELSA_clt_07_2019_V.2.1.tif,https://os.unil.cloud.switch.ch/chelsa02/chelsa/global/monthly/clt/2019/CHELSA_clt_07_2019_V.2.1.tif,90.9,1,clt
chelsa/global/monthly/clt/2019/CHELSA_clt_08_2019_V.2.1.tif,https://os.unil.cloud.switch.ch/chelsa02/chelsa/global/monthly/clt/2019/CHELSA_clt_08_2019_V.2.1.tif,91.5,1,clt
chelsa/global/monthly/clt/2020/CHELSA_clt_07_2020_V.2.1.tif,https://os.unil.cloud.switch.ch/chelsa02/chelsa/global/monthly/clt/2020/CHELSA_clt_07_2020_V.2.1.tif,91.5,1,clt
chelsa/global/monthly/clt/2020/CHELSA_clt_08_2020_V.2.1.tif,https://os.unil.cloud.switch.ch/chelsa02/chelsa/global/monthly/clt/2020/CHELSA_clt_08_2020_V.2.1.tif,90.9,1,clt
chelsa/global/monthly/clt/2021/CHELSA_clt_07_2021_V.2.1.tif,https://os.unil.cloud.switch.ch/chelsa02/chelsa/global/monthly/clt/2021/CHELSA_clt_07_2021_V.2.1.tif,90.7,1,clt
chelsa/global/monthly/clt/2021/CHELSA_clt_08_2021_V.2.1.tif,https://os.unil.cloud.switch.ch/chelsa02/chelsa/global/monthly/clt/2021/CHELSA_clt_08_2021_V.2.1.tif,91.5,1,clt
chelsa/global/monthly/cmi/2014/CHELSA_cmi_07_2014_V.2.1.tif,https://os.unil.cloud.switch.ch/chelsa02/chelsa/global/monthly/cmi/2014/CHELSA_cmi_07_2014_V.2.1.tif,340.2,1,cmi
chelsa/global/monthly/cmi/2014/CHELSA_cmi_08_2014_V.2.1.tif,https://os.unil.cloud.switch.ch/chelsa02/chelsa/global/monthly/cmi/2014/CHELSA_cmi_08_2014_V.2.1.tif,341.2,1,cmi
chelsa/global/monthly/cmi/2015/CHELSA_cmi_07_2015_V.2.1.tif,https://os.unil.cloud.switch.ch/chelsa02/chelsa/global/monthly/cmi/2015/CHELSA_cmi_07_2015_V.2.1.tif,339.7,1,cmi
chelsa/global/monthly/cmi/2015/CHELSA_cmi_08_2015_V.2.1.tif,https://os.unil.cloud.switch.ch/chelsa02/chelsa/global/monthly/cmi/2015/CHELSA_cmi_08_2015_V.2.1.tif,348.4,1,cmi
chelsa/global/monthly/cmi/2016/CHELSA_cmi_07_2016_V.2.1.tif,https://os.unil.cloud.switch.ch/chelsa02/chelsa/global/monthly/cmi/2016/CHELSA_cmi_07_2016_V.2.1.tif,341.7,1,cmi
chelsa/global/monthly/cmi/2016/CHELSA_cmi_08_2016_V.2.1.tif,https://os.unil.cloud.switch.ch/chelsa02/chelsa/global/monthly/cmi/2016/CHELSA_cmi_08_2016_V.2.1.tif,342.2,1,cmi
chelsa/global/monthly/cmi/2017/CHELSA_cmi_07_2017_V.2.1.tif,https://os.unil.cloud.switch.ch/chelsa02/chelsa/global/monthly/cmi/2017/CHELSA_cmi_07_2017_V.2.1.tif,342.2,1,cmi
chelsa/global/monthly/cmi/2017/CHELSA_cmi_08_2017_V.2.1.tif,https://os.unil.cloud.switch.ch/chelsa02/chelsa/global/monthly/cmi/2017/CHELSA_cmi_08_2017_V.2.1.tif,342.5,1,cmi
chelsa/global/monthly/cmi/2018/CHELSA_cmi_07_2018_V.2.1.tif,https://os.unil.cloud.switch.ch/chelsa02/chelsa/global/monthly/cmi/2018/CHELSA_cmi_07_2018_V.2.1.tif,342.9,1,cmi
chelsa/global/monthly/cmi/2018/CHELSA_cmi_08_2018_V.2.1.tif,https://os.unil.cloud.switch.ch/chelsa02/chelsa/global/monthly/cmi/2018/CHELSA_cmi_08_2018_V.2.1.tif,340.5,1,cmi
chelsa/global/monthly/hurs/2014/CHELSA_hurs_07_2014_V.2.1.tif,https://os.unil.cloud.switch.ch/chelsa02/chelsa/global/monthly/hurs/2014/CHELSA_hurs_07_2014_V.2.1.tif,442.1,1,hurs
chelsa/global/monthly/hurs/2014/CHELSA_hurs_08_2014_V.2.1.tif,https://os.unil.cloud.switch.ch/chelsa02/chelsa/global/monthly/hurs/2014/CHELSA_hurs_08_2014_V.2.1.tif,441.5,1,hurs
chelsa/global/monthly/hurs/2015/CHELSA_hurs_07_2015_V.2.1.tif,https://os.unil.cloud.switch.ch/chelsa02/chelsa/global/monthly/hurs/2015/CHELSA_hurs_07_2015_V.2.1.tif,440.0,1,hurs
chelsa/global/monthly/hurs/2015/CHELSA_hurs_08_2015_V.2.1.tif,https://os.unil.cloud.switch.ch/chelsa02/chelsa/global/monthly/hurs/2015/CHELSA_hurs_08_2015_V.2.1.tif,436.6,1,hurs
chelsa/global/monthly/hurs/2016/CHELSA_hurs_07_2016_V.2.1.tif,https://os.unil.cloud.switch.ch/chelsa02/chelsa/global/monthly/hurs/2016/CHELSA_hurs_07_2016_V.2.1.tif,439.8,1,hurs
chelsa/global/monthly/hurs/2016/CHELSA_hurs_08_2016_V.2.1.tif,https://os.unil.cloud.switch.ch/chelsa02/chelsa/global/monthly/hurs/2016/CHELSA_hurs_08_2016_V.2.1.tif,438.5,1,hurs
chelsa/global/monthly/hurs/2017/CHELSA_hurs_07_2017_V.2.1.tif,https://os.unil.cloud.switch.ch/chelsa02/chelsa/global/monthly/hurs/2017/CHELSA_hurs_07_2017_V.2.1.tif,440.3,1,hurs
chelsa/global/monthly/hurs/2017/CHELSA_hurs_08_2017_V.2.1.tif,https://os.unil.cloud.switch.ch/chelsa02/chelsa/global/monthly/hurs/2017/CHELSA_hurs_08_2017_V.2.1.tif,439.3,1,hurs
chelsa/global/monthly/hurs/2018/CHELSA_hurs_07_2018_V.2.1.tif,https://os.unil.cloud.switch.ch/chelsa02/chelsa/global/monthly/hurs/2018/CHELSA_hurs_07_2018_V.2.1.tif,440.6,1,hurs
chelsa/global/monthly/hurs/2018/CHELSA_hurs_08_2018_V.2.1.tif,https://os.unil.cloud.switch.ch/chelsa02/chelsa/global/monthly/hurs/2018/CHELSA_hurs_08_2018_V.2.1.tif,440.4,1,hurs
chelsa/global/monthly/pet/2014/CHELSA_pet_07_2014_V.2.1.tif,https://os.unil.cloud.switch.ch/chelsa02/chelsa/global/monthly/pet/2014/CHELSA_pet_07_2014_V.2.1.tif,454.9,1,pet
chelsa/global/monthly/pet/2014/CHELSA_pet_08_2014_V.2.1.tif,https://os.unil.cloud.switch.ch/chelsa02/chelsa/global/monthly/pet/2014/CHELSA_pet_08_2014_V.2.1.tif,453.8,1,pet
chelsa/global/monthly/pet/2015/CHELSA_pet_07_2015_V.2.1.tif,https://os.unil.cloud.switch.ch/chelsa02/chelsa/global/monthly/pet/2015/CHELSA_pet_07_2015_V.2.1.tif,455.1,1,pet
chelsa/global/monthly/pet/2015/CHELSA_pet_08_2015_V.2.1.tif,https://os.unil.cloud.switch.ch/chelsa02/chelsa/global/monthly/pet/2015/CHELSA_pet_08_2015_V.2.1.tif,454.5,1,pet
chelsa/global/monthly/pet/2016/CHELSA_pet_07_2016_V.2.1.tif,https://os.unil.cloud.switch.ch/chelsa02/chelsa/global/monthly/pet/2016/CHELSA_pet_07_2016_V.2.1.tif,455.4,1,pet
chelsa/global/monthly/pet/2016/CHELSA_pet_08_2016_V.2.1.tif,https://os.unil.cloud.switch.ch/chelsa02/chelsa/global/monthly/pet/2016/CHELSA_pet_08_2016_V.2.1.tif,455.1,1,pet
chelsa/global/monthly/pet/2017/CHELSA_pet_07_2017_V.2.1.tif,https://os.unil.cloud.switch.ch/chelsa02/chelsa/global/monthly/pet/2017/CHELSA_pet_07_2017_V.2.1.tif,455.6,1,pet
chelsa/global/monthly/pet/2017/CHELSA_pet_08_2017_V.2.1.tif,https://os.unil.cloud.switch.ch/chelsa02/chelsa/global/monthly/pet/2017/CHELSA_pet_08_2017_V.2.1.tif,454.9,1,pet
chelsa/global/monthly/pet/2018/CHELSA_pet_07_2018_V.2.1.tif,https://os.unil.cloud.switch.ch/chelsa02/chelsa/global/monthly/pet/2018/CHELSA_pet_07_2018_V.2.1.tif,456.0,1,pet
chelsa/global/monthly/pet/2018/CHELSA_pet_08_2018_V.2.1.tif,https://os.unil.cloud.switch.ch/chelsa02/chelsa/global/monthly/pet/2018/CHELSA_pet_08_2018_V.2.1.tif,453.6,1,pet
chelsa/global/monthly/pr/2017/CHELSA_pr_07_2017_V.2.1.tif,https://os.unil.cloud.switch.ch/chelsa02/chelsa/global/monthly/pr/2017/CHELSA_pr_07_2017_V.2.1.tif,167.3,1,pr
chelsa/global/monthly/pr/2017/CHELSA_pr_08_2017_V.2.1.tif,https://os.unil.cloud.switch.ch/chelsa02/chelsa/global/monthly/pr/2017/CHELSA_pr_08_2017_V.2.1.tif,171.9,1,pr
chelsa/global/monthly/pr/2018/CHELSA_pr_07_2018_V.2.1.tif,https://os.unil.cloud.switch.ch/chelsa02/chelsa/global/monthly/pr/2018/CHELSA_pr_07_2018_V.2.1.tif,168.0,1,pr
chelsa/global/monthly/pr/2018/CHELSA_pr_08_2018_V.2.1.tif,https://os.unil.cloud.switch.ch/chelsa02/chelsa/global/monthly/pr/2018/CHELSA_pr_08_2018_V.2.1.tif,168.4,1,pr
chelsa/global/monthly/pr/2019/CHELSA_pr_07_2019_V.2.1.tif,https://os.unil.cloud.switch.ch/chelsa02/chelsa/global/monthly/pr/2019/CHELSA_pr_07_2019_V.2.1.tif,224.8,1,pr
chelsa/global/monthly/pr/2019/CHELSA_pr_08_2019_V.2.1.tif,https://os.unil.cloud.switch.ch/chelsa02/chelsa/global/monthly/pr/2019/CHELSA_pr_08_2019_V.2.1.tif,222.7,1,pr
chelsa/global/monthly/pr/2020/CHELSA_pr_07_2020_V.2.1.tif,https://os.unil.cloud.switch.ch/chelsa02/chelsa/global/monthly/pr/2020/CHELSA_pr_07_2020_V.2.1.tif,226.0,1,pr
chelsa/global/monthly/pr/2020/CHELSA_pr_08_2020_V.2.1.tif,https://os.unil.cloud.switch.ch/chelsa02/chelsa/global/monthly/pr/2020/CHELSA_pr_08_2020_V.2.1.tif,222.2,1,pr
chelsa/global/monthly/pr/2021/CHELSA_pr_07_2021_V.2.1.tif,https://os.unil.cloud.switch.ch/chelsa02/chelsa/global/monthly/pr/2021/CHELSA_pr_07_2021_V.2.1.tif,225.8,1,pr
chelsa/global/monthly/pr/2021/CHELSA_pr_08_2021_V.2.1.tif,https://os.unil.cloud.switch.ch/chelsa02/chelsa/global/monthly/pr/2021/CHELSA_pr_08_2021_V.2.1.tif,221.7,1,pr
chelsa/global/monthly/rsds/2017/CHELSA_rsds_07_2017_V.2.1.tif,https://os.unil.cloud.switch.ch/chelsa02/chelsa/global/monthly/rsds/2017/CHELSA_rsds_07_2017_V.2.1.tif,520.8,1,rsds
chelsa/global/monthly/rsds/2017/CHELSA_rsds_08_2017_V.2.1.tif,https://os.unil.cloud.switch.ch/chelsa02/chelsa/global/monthly/rsds/2017/CHELSA_rsds_08_2017_V.2.1.tif,552.4,1,rsds
chelsa/global/monthly/rsds/2018/CHELSA_rsds_07_2018_V.2.1.tif,https://os.unil.cloud.switch.ch/chelsa02/chelsa/global/monthly/rsds/2018/CHELSA_rsds_07_2018_V.2.1.tif,522.7,1,rsds
chelsa/global/monthly/rsds/2018/CHELSA_rsds_08_2018_V.2.1.tif,https://os.unil.cloud.switch.ch/chelsa02/chelsa/global/monthly/rsds/2018/CHELSA_rsds_08_2018_V.2.1.tif,552.7,1,rsds
chelsa/global/monthly/rsds/2019/CHELSA_rsds_07_2019_V.2.1.tif,https://os.unil.cloud.switch.ch/chelsa02/chelsa/global/monthly/rsds/2019/CHELSA_rsds_07_2019_V.2.1.tif,522.6,1,rsds
chelsa/global/monthly/rsds/2019/CHELSA_rsds_08_2019_V.2.1.tif,https://os.unil.cloud.switch.ch/chelsa02/chelsa/global/monthly/rsds/2019/CHELSA_rsds_08_2019_V.2.1.tif,551.8,1,rsds
chelsa/global/monthly/rsds/2020/CHELSA_rsds_07_2020_V.2.1.tif,https://os.unil.cloud.switch.ch/chelsa02/chelsa/global/monthly/rsds/2020/CHELSA_rsds_07_2020_V.2.1.tif,522.5,1,rsds
chelsa/global/monthly/rsds/2020/CHELSA_rsds_08_2020_V.2.1.tif,https://os.unil.cloud.switch.ch/chelsa02/chelsa/global/monthly/rsds/2020/CHELSA_rsds_08_2020_V.2.1.tif,553.2,1,rsds
chelsa/global/monthly/rsds/2021/CHELSA_rsds_07_2021_V.2.1.tif,https://os.unil.cloud.switch.ch/chelsa02/chelsa/global/monthly/rsds/2021/CHELSA_rsds_07_2021_V.2.1.tif,521.6,1,rsds
chelsa/global/monthly/rsds/2021/CHELSA_rsds_08_2021_V.2.1.tif,https://os.unil.cloud.switch.ch/chelsa02/chelsa/global/monthly/rsds/2021/CHELSA_rsds_08_2021_V.2.1.tif,551.9,1,rsds
chelsa/global/monthly/sfcWind/2014/CHELSA_sfcWind_07_2014_V.2.1.tif,https://os.unil.cloud.switch.ch/chelsa02/chelsa/global/monthly/sfcWind/2014/CHELSA_sfcWind_07_2014_V.2.1.tif,317.9,1,sfcWind
chelsa/global/monthly/sfcWind/2014/CHELSA_sfcWind_08_2014_V.2.1.tif,https://os.unil.cloud.switch.ch/chelsa02/chelsa/global/monthly/sfcWind/2014/CHELSA_sfcWind_08_2014_V.2.1.tif,316.5,1,sfcWind
chelsa/global/monthly/sfcWind/2015/CHELSA_sfcWind_07_2015_V.2.1.tif,https://os.unil.cloud.switch.ch/chelsa02/chelsa/global/monthly/sfcWind/2015/CHELSA_sfcWind_07_2015_V.2.1.tif,318.3,1,sfcWind
chelsa/global/monthly/sfcWind/2015/CHELSA_sfcWind_08_2015_V.2.1.tif,https://os.unil.cloud.switch.ch/chelsa02/chelsa/global/monthly/sfcWind/2015/CHELSA_sfcWind_08_2015_V.2.1.tif,317.7,1,sfcWind
chelsa/global/monthly/sfcWind/2016/CHELSA_sfcWind_07_2016_V.2.1.tif,https://os.unil.cloud.switch.ch/chelsa02/chelsa/global/monthly/sfcWind/2016/CHELSA_sfcWind_07_2016_V.2.1.tif,317.2,1,sfcWind
chelsa/global/monthly/sfcWind/2016/CHELSA_sfcWind_08_2016_V.2.1.tif,https://os.unil.cloud.switch.ch/chelsa02/chelsa/global/monthly/sfcWind/2016/CHELSA_sfcWind_08_2016_V.2.1.tif,318.4,1,sfcWind
chelsa/global/monthly/sfcWind/2017/CHELSA_sfcWind_07_2017_V.2.1.tif,https://os.unil.cloud.switch.ch/chelsa02/chelsa/global/monthly/sfcWind/2017/CHELSA_sfcWind_07_2017_V.2.1.tif,318.2,1,sfcWind
chelsa/global/monthly/sfcWind/2017/CHELSA_sfcWind_08_2017_V.2.1.tif,https://os.unil.cloud.switch.ch/chelsa02/chelsa/global/monthly/sfcWind/2017/CHELSA_sfcWind_08_2017_V.2.1.tif,318.0,1,sfcWind
chelsa/global/monthly/sfcWind/2018/CHELSA_sfcWind_07_2018_V.2.1.tif,https://os.unil.cloud.switch.ch/chelsa02/chelsa/global/monthly/sfcWind/2018/CHELSA_sfcWind_07_2018_V.2.1.tif,318.9,1,sfcWind
chelsa/global/monthly/sfcWind/2018/CHELSA_sfcWind_08_2018_V.2.1.tif,https://os.unil.cloud.switch.ch/chelsa02/chelsa/global/monthly/sfcWind/2018/CHELSA_sfcWind_08_2018_V.2.1.tif,317.5,1,sfcWind
chelsa/global/monthly/spei12/2014/CHELSA_spei12_07_2014_V.2.1.tif,https://os.unil.cloud.switch.ch/chelsa02/chelsa/global/monthly/spei12/2014/CHELSA_spei12_07_2014_V.2.1.tif,117.4,1,spei12
chelsa/global/monthly/spei12/2014/CHELSA_spei12_08_2014_V.2.1.tif,https://os.unil.cloud.switch.ch/chelsa02/chelsa/global/monthly/spei12/2014/CHELSA_spei12_08_2014_V.2.1.tif,117.4,1,spei12
chelsa/global/monthly/spei12/2015/CHELSA_spei12_07_2015_V.2.1.tif,https://os.unil.cloud.switch.ch/chelsa02/chelsa/global/monthly/spei12/2015/CHELSA_spei12_07_2015_V.2.1.tif,120.9,1,spei12
chelsa/global/monthly/spei12/2015/CHELSA_spei12_08_2015_V.2.1.tif,https://os.unil.cloud.switch.ch/chelsa02/chelsa/global/monthly/spei12/2015/CHELSA_spei12_08_2015_V.2.1.tif,120.5,1,spei12
chelsa/global/monthly/spei12/2016/CHELSA_spei12_07_2016_V.2.1.tif,https://os.unil.cloud.switch.ch/chelsa02/chelsa/global/monthly/spei12/2016/CHELSA_spei12_07_2016_V.2.1.tif,127.1,1,spei12
chelsa/global/monthly/spei12/2016/CHELSA_spei12_08_2016_V.2.1.tif,https://os.unil.cloud.switch.ch/chelsa02/chelsa/global/monthly/spei12/2016/CHELSA_spei12_08_2016_V.2.1.tif,127.4,1,spei12
chelsa/global/monthly/spei12/2017/CHELSA_spei12_07_2017_V.2.1.tif,https://os.unil.cloud.switch.ch/chelsa02/chelsa/global/monthly/spei12/2017/CHELSA_spei12_07_2017_V.2.1.tif,131.8,1,spei12
chelsa/global/monthly/spei12/2017/CHELSA_spei12_08_2017_V.2.1.tif,https://os.unil.cloud.switch.ch/chelsa02/chelsa/global/monthly/spei12/2017/CHELSA_spei12_08_2017_V.2.1.tif,131.7,1,spei12
chelsa/global/monthly/spei12/2018/CHELSA_spei12_07_2018_V.2.1.tif,https://os.unil.cloud.switch.ch/chelsa02/chelsa/global/monthly/spei12/2018/CHELSA_spei12_07_2018_V.2.1.tif,120.0,1,spei12
chelsa/global/monthly/spei12/2018/CHELSA_spei12_08_2018_V.2.1.tif,https://os.unil.cloud.switch.ch/chelsa02/chelsa/global/monthly/spei12/2018/CHELSA_spei12_08_2018_V.2.1.tif,119.3,1,spei12
chelsa/global/monthly/spi12/2014/CHELSA_spi12_07_2014_V.2.1.tif,https://os.unil.cloud.switch.ch/chelsa02/chelsa/global/monthly/spi12/2014/CHELSA_spi12_07_2014_V.2.1.tif,80.6,1,spi12
chelsa/global/monthly/spi12/2014/CHELSA_spi12_08_2014_V.2.1.tif,https://os.unil.cloud.switch.ch/chelsa02/chelsa/global/monthly/spi12/2014/CHELSA_spi12_08_2014_V.2.1.tif,80.7,1,spi12
chelsa/global/monthly/spi12/2015/CHELSA_spi12_07_2015_V.2.1.tif,https://os.unil.cloud.switch.ch/chelsa02/chelsa/global/monthly/spi12/2015/CHELSA_spi12_07_2015_V.2.1.tif,81.4,1,spi12
chelsa/global/monthly/spi12/2015/CHELSA_spi12_08_2015_V.2.1.tif,https://os.unil.cloud.switch.ch/chelsa02/chelsa/global/monthly/spi12/2015/CHELSA_spi12_08_2015_V.2.1.tif,81.6,1,spi12
chelsa/global/monthly/spi12/2016/CHELSA_spi12_07_2016_V.2.1.tif,https://os.unil.cloud.switch.ch/chelsa02/chelsa/global/monthly/spi12/2016/CHELSA_spi12_07_2016_V.2.1.tif,81.2,1,spi12
chelsa/global/monthly/spi12/2016/CHELSA_spi12_08_2016_V.2.1.tif,https://os.unil.cloud.switch.ch/chelsa02/chelsa/global/monthly/spi12/2016/CHELSA_spi12_08_2016_V.2.1.tif,81.2,1,spi12
chelsa/global/monthly/spi12/2017/CHELSA_spi12_07_2017_V.2.1.tif,https://os.unil.cloud.switch.ch/chelsa02/chelsa/global/monthly/spi12/2017/CHELSA_spi12_07_2017_V.2.1.tif,81.8,1,spi12
chelsa/global/monthly/spi12/2017/CHELSA_spi12_08_2017_V.2.1.tif,https://os.unil.cloud.switch.ch/chelsa02/chelsa/global/monthly/spi12/2017/CHELSA_spi12_08_2017_V.2.1.tif,81.4,1,spi12
chelsa/global/monthly/spi12/2018/CHELSA_spi12_07_2018_V.2.1.tif,https://os.unil.cloud.switch.ch/chelsa02/chelsa/global/monthly/spi12/2018/CHELSA_spi12_07_2018_V.2.1.tif,81.5,1,spi12
chelsa/global/monthly/spi12/2018/CHELSA_spi12_08_2018_V.2.1.tif,https://os.unil.cloud.switch.ch/chelsa02/chelsa/global/monthly/spi12/2018/CHELSA_spi12_08_2018_V.2.1.tif,81.6,1,spi12
chelsa/global/monthly/tas/2017/CHELSA_tas_07_2017_V.2.1.tif,https://os.unil.cloud.switch.ch/chelsa02/chelsa/global/monthly/tas/2017/CHELSA_tas_07_2017_V.2.1.tif,169.7,1,tas
chelsa/global/monthly/tas/2017/CHELSA_tas_08_2017_V.2.1.tif,https://os.unil.cloud.switch.ch/chelsa02/chelsa/global/monthly/tas/2017/CHELSA_tas_08_2017_V.2.1.tif,167.7,1,tas
chelsa/global/monthly/tas/2018/CHELSA_tas_07_2018_V.2.1.tif,https://os.unil.cloud.switch.ch/chelsa02/chelsa/global/monthly/tas/2018/CHELSA_tas_07_2018_V.2.1.tif,169.6,1,tas
chelsa/global/monthly/tas/2018/CHELSA_tas_08_2018_V.2.1.tif,https://os.unil.cloud.switch.ch/chelsa02/chelsa/global/monthly/tas/2018/CHELSA_tas_08_2018_V.2.1.tif,169.1,1,tas
chelsa/global/monthly/tas/2019/CHELSA_tas_07_2019_V.2.1.tif,https://os.unil.cloud.switch.ch/chelsa02/chelsa/global/monthly/tas/2019/CHELSA_tas_07_2019_V.2.1.tif,170.5,1,tas
chelsa/global/monthly/tas/2019/CHELSA_tas_08_2019_V.2.1.tif,https://os.unil.cloud.switch.ch/chelsa02/chelsa/global/monthly/tas/2019/CHELSA_tas_08_2019_V.2.1.tif,169.3,1,tas
chelsa/global/monthly/tas/2020/CHELSA_tas_07_2020_V.2.1.tif,https://os.unil.cloud.switch.ch/chelsa02/chelsa/global/monthly/tas/2020/CHELSA_tas_07_2020_V.2.1.tif,170.3,1,tas
chelsa/global/monthly/tas/2020/CHELSA_tas_08_2020_V.2.1.tif,https://os.unil.cloud.switch.ch/chelsa02/chelsa/global/monthly/tas/2020/CHELSA_tas_08_2020_V.2.1.tif,169.8,1,tas
chelsa/global/monthly/tas/2021/CHELSA_tas_07_2021_V.2.1.tif,https://os.unil.cloud.switch.ch/chelsa02/chelsa/global/monthly/tas/2021/CHELSA_tas_07_2021_V.2.1.tif,170.1,1,tas
chelsa/global/monthly/tas/2021/CHELSA_tas_08_2021_V.2.1.tif,https://os.unil.cloud.switch.ch/chelsa02/chelsa/global/monthly/tas/2021/CHELSA_tas_08_2021_V.2.1.tif,168.2,1,tas
chelsa/global/monthly/tasmax/2017/CHELSA_tasmax_07_2017_V.2.1.tif,https://os.unil.cloud.switch.ch/chelsa02/chelsa/global/monthly/tasmax/2017/CHELSA_tasmax_07_2017_V.2.1.tif,174.1,1,tasmax
chelsa/global/monthly/tasmax/2017/CHELSA_tasmax_08_2017_V.2.1.tif,https://os.unil.cloud.switch.ch/chelsa02/chelsa/global/monthly/tasmax/2017/CHELSA_tasmax_08_2017_V.2.1.tif,172.2,1,tasmax
chelsa/global/monthly/tasmax/2018/CHELSA_tasmax_07_2018_V.2.1.tif,https://os.unil.cloud.switch.ch/chelsa02/chelsa/global/monthly/tasmax/2018/CHELSA_tasmax_07_2018_V.2.1.tif,174.0,1,tasmax
chelsa/global/monthly/tasmax/2018/CHELSA_tasmax_08_2018_V.2.1.tif,https://os.unil.cloud.switch.ch/chelsa02/chelsa/global/monthly/tasmax/2018/CHELSA_tasmax_08_2018_V.2.1.tif,173.6,1,tasmax
chelsa/global/monthly/tasmax/2019/CHELSA_tasmax_07_2019_V.2.1.tif,https://os.unil.cloud.switch.ch/chelsa02/chelsa/global/monthly/tasmax/2019/CHELSA_tasmax_07_2019_V.2.1.tif,174.7,1,tasmax
chelsa/global/monthly/tasmax/2019/CHELSA_tasmax_08_2019_V.2.1.tif,https://os.unil.cloud.switch.ch/chelsa02/chelsa/global/monthly/tasmax/2019/CHELSA_tasmax_08_2019_V.2.1.tif,173.9,1,tasmax
chelsa/global/monthly/tasmax/2020/CHELSA_tasmax_07_2020_V.2.1.tif,https://os.unil.cloud.switch.ch/chelsa02/chelsa/global/monthly/tasmax/2020/CHELSA_tasmax_07_2020_V.2.1.tif,174.5,1,tasmax
chelsa/global/monthly/tasmax/2020/CHELSA_tasmax_08_2020_V.2.1.tif,https://os.unil.cloud.switch.ch/chelsa02/chelsa/global/monthly/tasmax/2020/CHELSA_tasmax_08_2020_V.2.1.tif,174.3,1,tasmax
chelsa/global/monthly/tasmax/2021/CHELSA_tasmax_07_2021_V.2.1.tif,https://os.unil.cloud.switch.ch/chelsa02/chelsa/global/monthly/tasmax/2021/CHELSA_tasmax_07_2021_V.2.1.tif,174.4,1,tasmax
chelsa/global/monthly/tasmax/2021/CHELSA_tasmax_08_2021_V.2.1.tif,https://os.unil.cloud.switch.ch/chelsa02/chelsa/global/monthly/tasmax/2021/CHELSA_tasmax_08_2021_V.2.1.tif,172.7,1,tasmax
chelsa/global/monthly/tasmin/2017/CHELSA_tasmin_07_2017_V.2.1.tif,https://os.unil.cloud.switch.ch/chelsa02/chelsa/global/monthly/tasmin/2017/CHELSA_tasmin_07_2017_V.2.1.tif,174.1,1,tasmin
chelsa/global/monthly/tasmin/2017/CHELSA_tasmin_08_2017_V.2.1.tif,https://os.unil.cloud.switch.ch/chelsa02/chelsa/global/monthly/tasmin/2017/CHELSA_tasmin_08_2017_V.2.1.tif,172.6,1,tasmin
chelsa/global/monthly/tasmin/2018/CHELSA_tasmin_07_2018_V.2.1.tif,https://os.unil.cloud.switch.ch/chelsa02/chelsa/global/monthly/tasmin/2018/CHELSA_tasmin_07_2018_V.2.1.tif,173.4,1,tasmin
chelsa/global/monthly/tasmin/2018/CHELSA_tasmin_08_2018_V.2.1.tif,https://os.unil.cloud.switch.ch/chelsa02/chelsa/global/monthly/tasmin/2018/CHELSA_tasmin_08_2018_V.2.1.tif,173.8,1,tasmin
chelsa/global/monthly/tasmin/2019/CHELSA_tasmin_07_2019_V.2.1.tif,https://os.unil.cloud.switch.ch/chelsa02/chelsa/global/monthly/tasmin/2019/CHELSA_tasmin_07_2019_V.2.1.tif,174.5,1,tasmin
chelsa/global/monthly/tasmin/2019/CHELSA_tasmin_08_2019_V.2.1.tif,https://os.unil.cloud.switch.ch/chelsa02/chelsa/global/monthly/tasmin/2019/CHELSA_tasmin_08_2019_V.2.1.tif,173.9,1,tasmin
chelsa/global/monthly/tasmin/2020/CHELSA_tasmin_07_2020_V.2.1.tif,https://os.unil.cloud.switch.ch/chelsa02/chelsa/global/monthly/tasmin/2020/CHELSA_tasmin_07_2020_V.2.1.tif,174.4,1,tasmin
chelsa/global/monthly/tasmin/2020/CHELSA_tasmin_08_2020_V.2.1.tif,https://os.unil.cloud.switch.ch/chelsa02/chelsa/global/monthly/tasmin/2020/CHELSA_tasmin_08_2020_V.2.1.tif,174.5,1,tasmin
chelsa/global/monthly/tasmin/2021/CHELSA_tasmin_07_2021_V.2.1.tif,https://os.unil.cloud.switch.ch/chelsa02/chelsa/global/monthly/tasmin/2021/CHELSA_tasmin_07_2021_V.2.1.tif,174.3,1,tasmin
chelsa/global/monthly/tasmin/2021/CHELSA_tasmin_08_2021_V.2.1.tif,https://os.unil.cloud.switch.ch/chelsa02/chelsa/global/monthly/tasmin/2021/CHELSA_tasmin_08_2021_V.2.1.tif,173.1,1,tasmin
chelsa/global/monthly/vpd/2014/CHELSA_vpd_07_2014_V.2.1.tif,https://os.unil.cloud.switch.ch/chelsa02/chelsa/global/monthly/vpd/2014/CHELSA_vpd_07_2014_V.2.1.tif,585.6,1,vpd
chelsa/global/monthly/vpd/2014/CHELSA_vpd_08_2014_V.2.1.tif,https://os.unil.cloud.switch.ch/chelsa02/chelsa/global/monthly/vpd/2014/CHELSA_vpd_08_2014_V.2.1.tif,581.0,1,vpd
chelsa/global/monthly/vpd/2015/CHELSA_vpd_07_2015_V.2.1.tif,https://os.unil.cloud.switch.ch/chelsa02/chelsa/global/monthly/vpd/2015/CHELSA_vpd_07_2015_V.2.1.tif,583.8,1,vpd
chelsa/global/monthly/vpd/2015/CHELSA_vpd_08_2015_V.2.1.tif,https://os.unil.cloud.switch.ch/chelsa02/chelsa/global/monthly/vpd/2015/CHELSA_vpd_08_2015_V.2.1.tif,576.6,1,vpd
chelsa/global/monthly/vpd/2016/CHELSA_vpd_07_2016_V.2.1.tif,https://os.unil.cloud.switch.ch/chelsa02/chelsa/global/monthly/vpd/2016/CHELSA_vpd_07_2016_V.2.1.tif,589.2,1,vpd
chelsa/global/monthly/vpd/2016/CHELSA_vpd_08_2016_V.2.1.tif,https://os.unil.cloud.switch.ch/chelsa02/chelsa/global/monthly/vpd/2016/CHELSA_vpd_08_2016_V.2.1.tif,582.5,1,vpd
chelsa/global/monthly/vpd/2017/CHELSA_vpd_07_2017_V.2.1.tif,https://os.unil.cloud.switch.ch/chelsa02/chelsa/global/monthly/vpd/2017/CHELSA_vpd_07_2017_V.2.1.tif,587.0,1,vpd
chelsa/global/monthly/vpd/2017/CHELSA_vpd_08_2017_V.2.1.tif,https://os.unil.cloud.switch.ch/chelsa02/chelsa/global/monthly/vpd/2017/CHELSA_vpd_08_2017_V.2.1.tif,579.8,1,vpd
chelsa/global/monthly/vpd/2018/CHELSA_vpd_07_2018_V.2.1.tif,https://os.unil.cloud.switch.ch/chelsa02/chelsa/global/monthly/vpd/2018/CHELSA_vpd_07_2018_V.2.1.tif,589.4,1,vpd
chelsa/global/monthly/vpd/2018/CHELSA_vpd_08_2018_V.2.1.tif,https://os.unil.cloud.switch.ch/chelsa02/chelsa/global/monthly/vpd/2018/CHELSA_vpd_08_2018_V.2.1.tif,581.2,1,vpd
